[   33815ms] [ERROR] Failed to load resource: net::ERR_CONNECTION_CLOSED @ https://ssl.gstatic.com/gb/images/ring/pr_24px_1x_asknjuyerc.png:0
[   33815ms] [ERROR] Failed to load resource: net::ERR_CONNECTION_CLOSED @ https://ssl.gstatic.com/gb/images/ring/pr_56px_1x_asknjuyerc.png:0
[   33815ms] [ERROR] Failed to load resource: net::ERR_CONNECTION_CLOSED @ https://lh3.googleusercontent.com/a/ACg8ocJJT3LLtCDtMfkTBUJQdVHeXkpJTaVxhchzB1fi-oNjS6cR90qc=s83-c-mo:0
[   64177ms] Error: Unable to retrieve appVersion because #__PWS_DATA__ was not found in the DOM.
    at o (https://s.pinimg.com/webapp/78929-57972949b7dac93e.mjs:2:18251)
    at u (https://s.pinimg.com/webapp/44817-a1595bde0418efc5.mjs:82:20941)
    at https://s.pinimg.com/webapp/44817-a1595bde0418efc5.mjs:82:21901
[   64177ms] Error: Unable to retrieve appVersion because #__PWS_DATA__ was not found in the DOM.
    at o (https://s.pinimg.com/webapp/78929-57972949b7dac93e.mjs:2:18251)
    at u (https://s.pinimg.com/webapp/44817-a1595bde0418efc5.mjs:82:20941)
    at https://s.pinimg.com/webapp/44817-a1595bde0418efc5.mjs:82:21540
[   64177ms] Error: Unable to retrieve appVersion because #__PWS_DATA__ was not found in the DOM.
    at o (https://s.pinimg.com/webapp/78929-57972949b7dac93e.mjs:2:18251)
    at u (https://s.pinimg.com/webapp/44817-a1595bde0418efc5.mjs:82:20941)
    at https://s.pinimg.com/webapp/44817-a1595bde0418efc5.mjs:82:21901
[   64177ms] Error: Unable to retrieve appVersion because #__PWS_DATA__ was not found in the DOM.
    at o (https://s.pinimg.com/webapp/78929-57972949b7dac93e.mjs:2:18251)
    at u (https://s.pinimg.com/webapp/44817-a1595bde0418efc5.mjs:82:20941)
    at https://s.pinimg.com/webapp/44817-a1595bde0418efc5.mjs:82:21540
[   64177ms] Error: Unable to retrieve appVersion because #__PWS_DATA__ was not found in the DOM.
    at o (https://s.pinimg.com/webapp/78929-57972949b7dac93e.mjs:2:18251)
    at u (https://s.pinimg.com/webapp/44817-a1595bde0418efc5.mjs:82:20941)
    at https://s.pinimg.com/webapp/44817-a1595bde0418efc5.mjs:82:21901
[   64177ms] Error: Unable to retrieve appVersion because #__PWS_DATA__ was not found in the DOM.
    at o (https://s.pinimg.com/webapp/78929-57972949b7dac93e.mjs:2:18251)
    at u (https://s.pinimg.com/webapp/44817-a1595bde0418efc5.mjs:82:20941)
    at https://s.pinimg.com/webapp/44817-a1595bde0418efc5.mjs:82:21540
[   81575ms] Error: Unable to retrieve appVersion because #__PWS_DATA__ was not found in the DOM.
    at o (https://s.pinimg.com/webapp/78929-57972949b7dac93e.mjs:2:18251)
    at d (https://s.pinimg.com/webapp/13729-1f321e30ff21934c.mjs:4:40278)
    at https://s.pinimg.com/webapp/13729-1f321e30ff21934c.mjs:4:41238
[   81575ms] Error: Unable to retrieve appVersion because #__PWS_DATA__ was not found in the DOM.
    at o (https://s.pinimg.com/webapp/78929-57972949b7dac93e.mjs:2:18251)
    at d (https://s.pinimg.com/webapp/13729-1f321e30ff21934c.mjs:4:40278)
    at https://s.pinimg.com/webapp/13729-1f321e30ff21934c.mjs:4:40877
[   81575ms] Error: Unable to retrieve appVersion because #__PWS_DATA__ was not found in the DOM.
    at o (https://s.pinimg.com/webapp/78929-57972949b7dac93e.mjs:2:18251)
    at d (https://s.pinimg.com/webapp/13729-1f321e30ff21934c.mjs:4:40278)
    at https://s.pinimg.com/webapp/13729-1f321e30ff21934c.mjs:4:41238
[   81575ms] Error: Unable to retrieve appVersion because #__PWS_DATA__ was not found in the DOM.
    at o (https://s.pinimg.com/webapp/78929-57972949b7dac93e.mjs:2:18251)
    at d (https://s.pinimg.com/webapp/13729-1f321e30ff21934c.mjs:4:40278)
    at https://s.pinimg.com/webapp/13729-1f321e30ff21934c.mjs:4:40877
[   81577ms] Error: Unable to retrieve appVersion because #__PWS_DATA__ was not found in the DOM.
    at o (https://s.pinimg.com/webapp/78929-57972949b7dac93e.mjs:2:18251)
    at d (https://s.pinimg.com/webapp/13729-1f321e30ff21934c.mjs:4:40278)
    at https://s.pinimg.com/webapp/13729-1f321e30ff21934c.mjs:4:41238
[   81577ms] Error: Unable to retrieve appVersion because #__PWS_DATA__ was not found in the DOM.
    at o (https://s.pinimg.com/webapp/78929-57972949b7dac93e.mjs:2:18251)
    at d (https://s.pinimg.com/webapp/13729-1f321e30ff21934c.mjs:4:40278)
    at https://s.pinimg.com/webapp/13729-1f321e30ff21934c.mjs:4:40877
[   82029ms] [ERROR] Unexpected hydration error Minified React error #418; visit https://react.dev/errors/418?args[]=HTML&args[]= for the full message or use the non-minified dev environment for full errors and additional helpful warnings. 
    at Suspense (<anonymous>)
    at A (https://s.pinimg.com/webapp/13729-1f321e30ff21934c.mjs:4:42376)
    at o7 (https://s.pinimg.com/webapp/www/_client-d64afd47ba8fea89.mjs:239:11686)
    at rj (https://s.pinimg.com/webapp/www/_client-d64afd47ba8fea89.mjs:239:18376)
    at rB (https://s.pinimg.com/webapp/www/_client-d64afd47ba8fea89.mjs:239:21885)
    at ps (https://s.pinimg.com/webapp/www/_client-d64afd47ba8fea89.mjs:379:91572)
    at reduxProvider (https://s.pinimg.com/webapp/www/_client-d64afd47ba8fea89.mjs:383:167583)
    at https://s.pinimg.com/webapp/www/_client-d64afd47ba8fea89.mjs:383:149503
    at hy (https://s.pinimg.com/webapp/www/_client-d64afd47ba8fea89.mjs:383:116675)
    at hw (https://s.pinimg.com/webapp/www/_client-d64afd47ba8fea89.mjs:383:116753)
    at ht (https://s.pinimg.com/webapp/www/_client-d64afd47ba8fea89.mjs:383:113163)
    at M (https://s.pinimg.com/webapp/85509-f79cf83731d2c331.mjs:1:65364)
    at o (https://s.pinimg.com/webapp/13729-1f321e30ff21934c.mjs:4:24490)
    at e.exports (https://s.pinimg.com/webapp/vendor-react-68014d4c9d555ba9.mjs:9:69109)
    at s (https://s.pinimg.com/webapp/10232-78253cc3913ef148.mjs:1:86418)
    at _ (https://s.pinimg.com/webapp/13729-1f321e30ff21934c.mjs:4:8265)
    at hn (https://s.pinimg.com/webapp/www/_client-d64afd47ba8fea89.mjs:383:114054)
    at tF (https://s.pinimg.com/webapp/vendor-react-68014d4c9d555ba9.mjs:14:6486)
    at tN (https://s.pinimg.com/webapp/vendor-react-68014d4c9d555ba9.mjs:14:4430)
    at https://s.pinimg.com/webapp/vendor-react-68014d4c9d555ba9.mjs:14:12631
    at t5 (https://s.pinimg.com/webapp/vendor-react-68014d4c9d555ba9.mjs:14:13641)
    at tJ (https://s.pinimg.com/webapp/vendor-react-68014d4c9d555ba9.mjs:14:9012)
    at Suspense (<anonymous>) @ https://s.pinimg.com/webapp/www/_client-d64afd47ba8fea89.mjs:382
[   82112ms] [WARNING] [GSI_LOGGER]: Your client application uses one of the Google One Tap prompt UI status methods that may stop functioning when FedCM becomes mandatory. Refer to the migration guide to update your code accordingly and opt-in to FedCM to test your changes. Learn more: https://developers.google.com/identity/gsi/web/guides/fedcm-migration?s=dc#display_moment and https://developers.google.com/identity/gsi/web/guides/fedcm-migration?s=dc#skipped_moment @ https://accounts.google.com/gsi/client?hl=en:86
[   82308ms] [ERROR] Failed to load resource: the server responded with a status of 404 () @ https://in.pinterest.com/secure/unauth_user_data/:0
[   97726ms] [WARNING] The resource https://i.pinimg.com/236x/8b/d5/e5/8bd5e538dfd69b03b027281f2ac2dee2.jpg was preloaded using link preload but not used within a few seconds from the window's load event. Please make sure it has an appropriate `as` value and it is preloaded intentionally. @ https://in.pinterest.com/:0
[   97726ms] [WARNING] The resource https://i.pinimg.com/236x/a8/ec/aa/a8ecaa5ad959cd723c83499697a00ec7.jpg was preloaded using link preload but not used within a few seconds from the window's load event. Please make sure it has an appropriate `as` value and it is preloaded intentionally. @ https://in.pinterest.com/:0
[   97726ms] [WARNING] The resource https://i.pinimg.com/236x/f3/e4/35/f3e435a51bd8034400ae6042c81343bf.jpg was preloaded using link preload but not used within a few seconds from the window's load event. Please make sure it has an appropriate `as` value and it is preloaded intentionally. @ https://in.pinterest.com/:0
[   97726ms] [WARNING] The resource https://i.pinimg.com/236x/5d/27/eb/5d27eb5d6c53a03f8baa556b12680389.jpg was preloaded using link preload but not used within a few seconds from the window's load event. Please make sure it has an appropriate `as` value and it is preloaded intentionally. @ https://in.pinterest.com/:0
[   97726ms] [WARNING] The resource https://i.pinimg.com/236x/9c/7b/82/9c7b82d2eeaf8127a2b870c6e0b404b7.jpg was preloaded using link preload but not used within a few seconds from the window's load event. Please make sure it has an appropriate `as` value and it is preloaded intentionally. @ https://in.pinterest.com/:0
[   97726ms] [WARNING] The resource https://i.pinimg.com/236x/68/81/2c/68812c072c93fddc4cc6976724521846.jpg was preloaded using link preload but not used within a few seconds from the window's load event. Please make sure it has an appropriate `as` value and it is preloaded intentionally. @ https://in.pinterest.com/:0
[   97726ms] [WARNING] The resource https://i.pinimg.com/236x/ab/78/e4/ab78e428300633ae0be35bb5b0dc5a52.jpg was preloaded using link preload but not used within a few seconds from the window's load event. Please make sure it has an appropriate `as` value and it is preloaded intentionally. @ https://in.pinterest.com/:0
[   97726ms] [WARNING] The resource https://i.pinimg.com/236x/f8/7d/e0/f87de07a1c4eaa814e6d18ea2ee82c0b.jpg was preloaded using link preload but not used within a few seconds from the window's load event. Please make sure it has an appropriate `as` value and it is preloaded intentionally. @ https://in.pinterest.com/:0
[   97726ms] [WARNING] The resource https://i.pinimg.com/236x/93/3d/8a/933d8a425627530ebf480d9ed529bcf8.jpg was preloaded using link preload but not used within a few seconds from the window's load event. Please make sure it has an appropriate `as` value and it is preloaded intentionally. @ https://in.pinterest.com/:0
[   97726ms] [WARNING] The resource https://i.pinimg.com/236x/09/2f/fd/092ffde278024701330c4815e085e926.jpg was preloaded using link preload but not used within a few seconds from the window's load event. Please make sure it has an appropriate `as` value and it is preloaded intentionally. @ https://in.pinterest.com/:0
[   97726ms] [WARNING] The resource https://i.pinimg.com/236x/b5/18/41/b5184171fd55fc19e78ef17459bdd908.jpg was preloaded using link preload but not used within a few seconds from the window's load event. Please make sure it has an appropriate `as` value and it is preloaded intentionally. @ https://in.pinterest.com/:0
[   97726ms] [WARNING] The resource https://i.pinimg.com/236x/bd/0b/8d/bd0b8d73fb10a46e797d0bbf7f0eb104.jpg was preloaded using link preload but not used within a few seconds from the window's load event. Please make sure it has an appropriate `as` value and it is preloaded intentionally. @ https://in.pinterest.com/:0
[   97726ms] [WARNING] The resource https://i.pinimg.com/236x/0f/bc/89/0fbc89d12e4d407256a3620a494d8d6c.jpg was preloaded using link preload but not used within a few seconds from the window's load event. Please make sure it has an appropriate `as` value and it is preloaded intentionally. @ https://in.pinterest.com/:0
[   97726ms] [WARNING] The resource https://i.pinimg.com/236x/33/46/20/3346209e3258ddce3ad5ebc20ddea587.jpg was preloaded using link preload but not used within a few seconds from the window's load event. Please make sure it has an appropriate `as` value and it is preloaded intentionally. @ https://in.pinterest.com/:0
[   97726ms] [WARNING] The resource https://i.pinimg.com/236x/34/12/ca/3412cac9cc261a33a26fd22e9a7849c7.jpg was preloaded using link preload but not used within a few seconds from the window's load event. Please make sure it has an appropriate `as` value and it is preloaded intentionally. @ https://in.pinterest.com/:0
[   97726ms] [WARNING] The resource https://i.pinimg.com/236x/bf/be/f3/bfbef3118e91a3b9696b33c499473722.jpg was preloaded using link preload but not used within a few seconds from the window's load event. Please make sure it has an appropriate `as` value and it is preloaded intentionally. @ https://in.pinterest.com/:0
[   97726ms] [WARNING] The resource https://i.pinimg.com/236x/d6/f4/12/d6f412af13b273cb06992e0d0f9acb06.jpg was preloaded using link preload but not used within a few seconds from the window's load event. Please make sure it has an appropriate `as` value and it is preloaded intentionally. @ https://in.pinterest.com/:0
[   97726ms] [WARNING] The resource https://i.pinimg.com/236x/c5/e1/7b/c5e17ba75077d628597569bd707b1f4f.jpg was preloaded using link preload but not used within a few seconds from the window's load event. Please make sure it has an appropriate `as` value and it is preloaded intentionally. @ https://in.pinterest.com/:0
[   97726ms] [WARNING] The resource https://i.pinimg.com/236x/3b/6d/be/3b6dbebf1ab65a1a4389fe4c22412e43.jpg was preloaded using link preload but not used within a few seconds from the window's load event. Please make sure it has an appropriate `as` value and it is preloaded intentionally. @ https://in.pinterest.com/:0
[   97726ms] [WARNING] The resource https://i.pinimg.com/236x/08/55/3f/08553f7a365f826c137741f8441172c1.jpg was preloaded using link preload but not used within a few seconds from the window's load event. Please make sure it has an appropriate `as` value and it is preloaded intentionally. @ https://in.pinterest.com/:0
[   97726ms] [WARNING] The resource https://i.pinimg.com/236x/5b/07/04/5b07047e77dbc39f8fb896209166f766.jpg was preloaded using link preload but not used within a few seconds from the window's load event. Please make sure it has an appropriate `as` value and it is preloaded intentionally. @ https://in.pinterest.com/:0
[   97726ms] [WARNING] The resource https://i.pinimg.com/236x/7f/ff/68/7fff6829e61d1924c44d8cb5a0cfbdff.jpg was preloaded using link preload but not used within a few seconds from the window's load event. Please make sure it has an appropriate `as` value and it is preloaded intentionally. @ https://in.pinterest.com/:0
[   97726ms] [WARNING] The resource https://i.pinimg.com/236x/6b/96/f6/6b96f6b640f0ad50a9e167c4f0fb0d14.jpg was preloaded using link preload but not used within a few seconds from the window's load event. Please make sure it has an appropriate `as` value and it is preloaded intentionally. @ https://in.pinterest.com/:0
[   97726ms] [WARNING] The resource https://i.pinimg.com/236x/fc/51/68/fc5168842dd7b4cbf7d546c2cd44cd84.jpg was preloaded using link preload but not used within a few seconds from the window's load event. Please make sure it has an appropriate `as` value and it is preloaded intentionally. @ https://in.pinterest.com/:0
[   97726ms] [WARNING] The resource https://i.pinimg.com/236x/a9/c1/88/a9c1885fa56ce7218e590d316d581a54.jpg was preloaded using link preload but not used within a few seconds from the window's load event. Please make sure it has an appropriate `as` value and it is preloaded intentionally. @ https://in.pinterest.com/:0
[   97726ms] [WARNING] The resource https://i.pinimg.com/236x/54/8d/19/548d19707904a6732e6404460831ed5a.jpg was preloaded using link preload but not used within a few seconds from the window's load event. Please make sure it has an appropriate `as` value and it is preloaded intentionally. @ https://in.pinterest.com/:0
[   97726ms] [WARNING] The resource https://i.pinimg.com/236x/18/90/ef/1890ef535df238114ff4d76624eb4360.jpg was preloaded using link preload but not used within a few seconds from the window's load event. Please make sure it has an appropriate `as` value and it is preloaded intentionally. @ https://in.pinterest.com/:0
[   97726ms] [WARNING] The resource https://i.pinimg.com/236x/63/5a/aa/635aaa6a21ee393aa410ab435efd4364.jpg was preloaded using link preload but not used within a few seconds from the window's load event. Please make sure it has an appropriate `as` value and it is preloaded intentionally. @ https://in.pinterest.com/:0
[  102823ms] [WARNING] The resource https://i.pinimg.com/236x/8b/d5/e5/8bd5e538dfd69b03b027281f2ac2dee2.jpg was preloaded using link preload but not used within a few seconds from the window's load event. Please make sure it has an appropriate `as` value and it is preloaded intentionally. @ https://in.pinterest.com/:0
[  102823ms] [WARNING] The resource https://i.pinimg.com/236x/a8/ec/aa/a8ecaa5ad959cd723c83499697a00ec7.jpg was preloaded using link preload but not used within a few seconds from the window's load event. Please make sure it has an appropriate `as` value and it is preloaded intentionally. @ https://in.pinterest.com/:0
[  102823ms] [WARNING] The resource https://i.pinimg.com/236x/f3/e4/35/f3e435a51bd8034400ae6042c81343bf.jpg was preloaded using link preload but not used within a few seconds from the window's load event. Please make sure it has an appropriate `as` value and it is preloaded intentionally. @ https://in.pinterest.com/:0
[  102823ms] [WARNING] The resource https://i.pinimg.com/236x/5d/27/eb/5d27eb5d6c53a03f8baa556b12680389.jpg was preloaded using link preload but not used within a few seconds from the window's load event. Please make sure it has an appropriate `as` value and it is preloaded intentionally. @ https://in.pinterest.com/:0
[  102823ms] [WARNING] The resource https://i.pinimg.com/236x/9c/7b/82/9c7b82d2eeaf8127a2b870c6e0b404b7.jpg was preloaded using link preload but not used within a few seconds from the window's load event. Please make sure it has an appropriate `as` value and it is preloaded intentionally. @ https://in.pinterest.com/:0
[  102823ms] [WARNING] The resource https://i.pinimg.com/236x/68/81/2c/68812c072c93fddc4cc6976724521846.jpg was preloaded using link preload but not used within a few seconds from the window's load event. Please make sure it has an appropriate `as` value and it is preloaded intentionally. @ https://in.pinterest.com/:0
[  102823ms] [WARNING] The resource https://i.pinimg.com/236x/ab/78/e4/ab78e428300633ae0be35bb5b0dc5a52.jpg was preloaded using link preload but not used within a few seconds from the window's load event. Please make sure it has an appropriate `as` value and it is preloaded intentionally. @ https://in.pinterest.com/:0
[  102823ms] [WARNING] The resource https://i.pinimg.com/236x/f8/7d/e0/f87de07a1c4eaa814e6d18ea2ee82c0b.jpg was preloaded using link preload but not used within a few seconds from the window's load event. Please make sure it has an appropriate `as` value and it is preloaded intentionally. @ https://in.pinterest.com/:0
[  102823ms] [WARNING] The resource https://i.pinimg.com/236x/93/3d/8a/933d8a425627530ebf480d9ed529bcf8.jpg was preloaded using link preload but not used within a few seconds from the window's load event. Please make sure it has an appropriate `as` value and it is preloaded intentionally. @ https://in.pinterest.com/:0
[  102823ms] [WARNING] The resource https://i.pinimg.com/236x/09/2f/fd/092ffde278024701330c4815e085e926.jpg was preloaded using link preload but not used within a few seconds from the window's load event. Please make sure it has an appropriate `as` value and it is preloaded intentionally. @ https://in.pinterest.com/:0
[  102823ms] [WARNING] The resource https://i.pinimg.com/236x/b5/18/41/b5184171fd55fc19e78ef17459bdd908.jpg was preloaded using link preload but not used within a few seconds from the window's load event. Please make sure it has an appropriate `as` value and it is preloaded intentionally. @ https://in.pinterest.com/:0
[  102823ms] [WARNING] The resource https://i.pinimg.com/236x/bd/0b/8d/bd0b8d73fb10a46e797d0bbf7f0eb104.jpg was preloaded using link preload but not used within a few seconds from the window's load event. Please make sure it has an appropriate `as` value and it is preloaded intentionally. @ https://in.pinterest.com/:0
[  102823ms] [WARNING] The resource https://i.pinimg.com/236x/0f/bc/89/0fbc89d12e4d407256a3620a494d8d6c.jpg was preloaded using link preload but not used within a few seconds from the window's load event. Please make sure it has an appropriate `as` value and it is preloaded intentionally. @ https://in.pinterest.com/:0
[  102823ms] [WARNING] The resource https://i.pinimg.com/236x/33/46/20/3346209e3258ddce3ad5ebc20ddea587.jpg was preloaded using link preload but not used within a few seconds from the window's load event. Please make sure it has an appropriate `as` value and it is preloaded intentionally. @ https://in.pinterest.com/:0
[  102823ms] [WARNING] The resource https://i.pinimg.com/236x/34/12/ca/3412cac9cc261a33a26fd22e9a7849c7.jpg was preloaded using link preload but not used within a few seconds from the window's load event. Please make sure it has an appropriate `as` value and it is preloaded intentionally. @ https://in.pinterest.com/:0
[  102823ms] [WARNING] The resource https://i.pinimg.com/236x/bf/be/f3/bfbef3118e91a3b9696b33c499473722.jpg was preloaded using link preload but not used within a few seconds from the window's load event. Please make sure it has an appropriate `as` value and it is preloaded intentionally. @ https://in.pinterest.com/:0
[  102823ms] [WARNING] The resource https://i.pinimg.com/236x/d6/f4/12/d6f412af13b273cb06992e0d0f9acb06.jpg was preloaded using link preload but not used within a few seconds from the window's load event. Please make sure it has an appropriate `as` value and it is preloaded intentionally. @ https://in.pinterest.com/:0
[  102823ms] [WARNING] The resource https://i.pinimg.com/236x/c5/e1/7b/c5e17ba75077d628597569bd707b1f4f.jpg was preloaded using link preload but not used within a few seconds from the window's load event. Please make sure it has an appropriate `as` value and it is preloaded intentionally. @ https://in.pinterest.com/:0
[  102823ms] [WARNING] The resource https://i.pinimg.com/236x/3b/6d/be/3b6dbebf1ab65a1a4389fe4c22412e43.jpg was preloaded using link preload but not used within a few seconds from the window's load event. Please make sure it has an appropriate `as` value and it is preloaded intentionally. @ https://in.pinterest.com/:0
[  102823ms] [WARNING] The resource https://i.pinimg.com/236x/08/55/3f/08553f7a365f826c137741f8441172c1.jpg was preloaded using link preload but not used within a few seconds from the window's load event. Please make sure it has an appropriate `as` value and it is preloaded intentionally. @ https://in.pinterest.com/:0
[  102823ms] [WARNING] The resource https://i.pinimg.com/236x/5b/07/04/5b07047e77dbc39f8fb896209166f766.jpg was preloaded using link preload but not used within a few seconds from the window's load event. Please make sure it has an appropriate `as` value and it is preloaded intentionally. @ https://in.pinterest.com/:0
[  102823ms] [WARNING] The resource https://i.pinimg.com/236x/7f/ff/68/7fff6829e61d1924c44d8cb5a0cfbdff.jpg was preloaded using link preload but not used within a few seconds from the window's load event. Please make sure it has an appropriate `as` value and it is preloaded intentionally. @ https://in.pinterest.com/:0
[  102823ms] [WARNING] The resource https://i.pinimg.com/236x/6b/96/f6/6b96f6b640f0ad50a9e167c4f0fb0d14.jpg was preloaded using link preload but not used within a few seconds from the window's load event. Please make sure it has an appropriate `as` value and it is preloaded intentionally. @ https://in.pinterest.com/:0
[  102823ms] [WARNING] The resource https://i.pinimg.com/236x/fc/51/68/fc5168842dd7b4cbf7d546c2cd44cd84.jpg was preloaded using link preload but not used within a few seconds from the window's load event. Please make sure it has an appropriate `as` value and it is preloaded intentionally. @ https://in.pinterest.com/:0
[  102823ms] [WARNING] The resource https://i.pinimg.com/236x/a9/c1/88/a9c1885fa56ce7218e590d316d581a54.jpg was preloaded using link preload but not used within a few seconds from the window's load event. Please make sure it has an appropriate `as` value and it is preloaded intentionally. @ https://in.pinterest.com/:0
[  102823ms] [WARNING] The resource https://i.pinimg.com/236x/54/8d/19/548d19707904a6732e6404460831ed5a.jpg was preloaded using link preload but not used within a few seconds from the window's load event. Please make sure it has an appropriate `as` value and it is preloaded intentionally. @ https://in.pinterest.com/:0
[  102823ms] [WARNING] The resource https://i.pinimg.com/236x/18/90/ef/1890ef535df238114ff4d76624eb4360.jpg was preloaded using link preload but not used within a few seconds from the window's load event. Please make sure it has an appropriate `as` value and it is preloaded intentionally. @ https://in.pinterest.com/:0
[  102823ms] [WARNING] The resource https://i.pinimg.com/236x/63/5a/aa/635aaa6a21ee393aa410ab435efd4364.jpg was preloaded using link preload but not used within a few seconds from the window's load event. Please make sure it has an appropriate `as` value and it is preloaded intentionally. @ https://in.pinterest.com/:0
[  106745ms] [WARNING] The resource https://i.pinimg.com/236x/8b/d5/e5/8bd5e538dfd69b03b027281f2ac2dee2.jpg was preloaded using link preload but not used within a few seconds from the window's load event. Please make sure it has an appropriate `as` value and it is preloaded intentionally. @ https://in.pinterest.com/:0
[  106746ms] [WARNING] The resource https://i.pinimg.com/236x/a8/ec/aa/a8ecaa5ad959cd723c83499697a00ec7.jpg was preloaded using link preload but not used within a few seconds from the window's load event. Please make sure it has an appropriate `as` value and it is preloaded intentionally. @ https://in.pinterest.com/:0
[  106746ms] [WARNING] The resource https://i.pinimg.com/236x/f3/e4/35/f3e435a51bd8034400ae6042c81343bf.jpg was preloaded using link preload but not used within a few seconds from the window's load event. Please make sure it has an appropriate `as` value and it is preloaded intentionally. @ https://in.pinterest.com/:0
[  106746ms] [WARNING] The resource https://i.pinimg.com/236x/5d/27/eb/5d27eb5d6c53a03f8baa556b12680389.jpg was preloaded using link preload but not used within a few seconds from the window's load event. Please make sure it has an appropriate `as` value and it is preloaded intentionally. @ https://in.pinterest.com/:0
[  106746ms] [WARNING] The resource https://i.pinimg.com/236x/9c/7b/82/9c7b82d2eeaf8127a2b870c6e0b404b7.jpg was preloaded using link preload but not used within a few seconds from the window's load event. Please make sure it has an appropriate `as` value and it is preloaded intentionally. @ https://in.pinterest.com/:0
[  106746ms] [WARNING] The resource https://i.pinimg.com/236x/68/81/2c/68812c072c93fddc4cc6976724521846.jpg was preloaded using link preload but not used within a few seconds from the window's load event. Please make sure it has an appropriate `as` value and it is preloaded intentionally. @ https://in.pinterest.com/:0
[  106746ms] [WARNING] The resource https://i.pinimg.com/236x/ab/78/e4/ab78e428300633ae0be35bb5b0dc5a52.jpg was preloaded using link preload but not used within a few seconds from the window's load event. Please make sure it has an appropriate `as` value and it is preloaded intentionally. @ https://in.pinterest.com/:0
[  106746ms] [WARNING] The resource https://i.pinimg.com/236x/f8/7d/e0/f87de07a1c4eaa814e6d18ea2ee82c0b.jpg was preloaded using link preload but not used within a few seconds from the window's load event. Please make sure it has an appropriate `as` value and it is preloaded intentionally. @ https://in.pinterest.com/:0
[  106746ms] [WARNING] The resource https://i.pinimg.com/236x/93/3d/8a/933d8a425627530ebf480d9ed529bcf8.jpg was preloaded using link preload but not used within a few seconds from the window's load event. Please make sure it has an appropriate `as` value and it is preloaded intentionally. @ https://in.pinterest.com/:0
[  106746ms] [WARNING] The resource https://i.pinimg.com/236x/09/2f/fd/092ffde278024701330c4815e085e926.jpg was preloaded using link preload but not used within a few seconds from the window's load event. Please make sure it has an appropriate `as` value and it is preloaded intentionally. @ https://in.pinterest.com/:0
[  106746ms] [WARNING] The resource https://i.pinimg.com/236x/b5/18/41/b5184171fd55fc19e78ef17459bdd908.jpg was preloaded using link preload but not used within a few seconds from the window's load event. Please make sure it has an appropriate `as` value and it is preloaded intentionally. @ https://in.pinterest.com/:0
[  106746ms] [WARNING] The resource https://i.pinimg.com/236x/bd/0b/8d/bd0b8d73fb10a46e797d0bbf7f0eb104.jpg was preloaded using link preload but not used within a few seconds from the window's load event. Please make sure it has an appropriate `as` value and it is preloaded intentionally. @ https://in.pinterest.com/:0
[  106746ms] [WARNING] The resource https://i.pinimg.com/236x/0f/bc/89/0fbc89d12e4d407256a3620a494d8d6c.jpg was preloaded using link preload but not used within a few seconds from the window's load event. Please make sure it has an appropriate `as` value and it is preloaded intentionally. @ https://in.pinterest.com/:0
[  106746ms] [WARNING] The resource https://i.pinimg.com/236x/33/46/20/3346209e3258ddce3ad5ebc20ddea587.jpg was preloaded using link preload but not used within a few seconds from the window's load event. Please make sure it has an appropriate `as` value and it is preloaded intentionally. @ https://in.pinterest.com/:0
[  106746ms] [WARNING] The resource https://i.pinimg.com/236x/34/12/ca/3412cac9cc261a33a26fd22e9a7849c7.jpg was preloaded using link preload but not used within a few seconds from the window's load event. Please make sure it has an appropriate `as` value and it is preloaded intentionally. @ https://in.pinterest.com/:0
[  106746ms] [WARNING] The resource https://i.pinimg.com/236x/bf/be/f3/bfbef3118e91a3b9696b33c499473722.jpg was preloaded using link preload but not used within a few seconds from the window's load event. Please make sure it has an appropriate `as` value and it is preloaded intentionally. @ https://in.pinterest.com/:0
[  106746ms] [WARNING] The resource https://i.pinimg.com/236x/d6/f4/12/d6f412af13b273cb06992e0d0f9acb06.jpg was preloaded using link preload but not used within a few seconds from the window's load event. Please make sure it has an appropriate `as` value and it is preloaded intentionally. @ https://in.pinterest.com/:0
[  106746ms] [WARNING] The resource https://i.pinimg.com/236x/c5/e1/7b/c5e17ba75077d628597569bd707b1f4f.jpg was preloaded using link preload but not used within a few seconds from the window's load event. Please make sure it has an appropriate `as` value and it is preloaded intentionally. @ https://in.pinterest.com/:0
[  106746ms] [WARNING] The resource https://i.pinimg.com/236x/3b/6d/be/3b6dbebf1ab65a1a4389fe4c22412e43.jpg was preloaded using link preload but not used within a few seconds from the window's load event. Please make sure it has an appropriate `as` value and it is preloaded intentionally. @ https://in.pinterest.com/:0
[  106746ms] [WARNING] The resource https://i.pinimg.com/236x/08/55/3f/08553f7a365f826c137741f8441172c1.jpg was preloaded using link preload but not used within a few seconds from the window's load event. Please make sure it has an appropriate `as` value and it is preloaded intentionally. @ https://in.pinterest.com/:0
[  106746ms] [WARNING] The resource https://i.pinimg.com/236x/5b/07/04/5b07047e77dbc39f8fb896209166f766.jpg was preloaded using link preload but not used within a few seconds from the window's load event. Please make sure it has an appropriate `as` value and it is preloaded intentionally. @ https://in.pinterest.com/:0
[  106746ms] [WARNING] The resource https://i.pinimg.com/236x/7f/ff/68/7fff6829e61d1924c44d8cb5a0cfbdff.jpg was preloaded using link preload but not used within a few seconds from the window's load event. Please make sure it has an appropriate `as` value and it is preloaded intentionally. @ https://in.pinterest.com/:0
[  106746ms] [WARNING] The resource https://i.pinimg.com/236x/6b/96/f6/6b96f6b640f0ad50a9e167c4f0fb0d14.jpg was preloaded using link preload but not used within a few seconds from the window's load event. Please make sure it has an appropriate `as` value and it is preloaded intentionally. @ https://in.pinterest.com/:0
[  106746ms] [WARNING] The resource https://i.pinimg.com/236x/fc/51/68/fc5168842dd7b4cbf7d546c2cd44cd84.jpg was preloaded using link preload but not used within a few seconds from the window's load event. Please make sure it has an appropriate `as` value and it is preloaded intentionally. @ https://in.pinterest.com/:0
[  106746ms] [WARNING] The resource https://i.pinimg.com/236x/a9/c1/88/a9c1885fa56ce7218e590d316d581a54.jpg was preloaded using link preload but not used within a few seconds from the window's load event. Please make sure it has an appropriate `as` value and it is preloaded intentionally. @ https://in.pinterest.com/:0
[  106746ms] [WARNING] The resource https://i.pinimg.com/236x/54/8d/19/548d19707904a6732e6404460831ed5a.jpg was preloaded using link preload but not used within a few seconds from the window's load event. Please make sure it has an appropriate `as` value and it is preloaded intentionally. @ https://in.pinterest.com/:0
[  106746ms] [WARNING] The resource https://i.pinimg.com/236x/18/90/ef/1890ef535df238114ff4d76624eb4360.jpg was preloaded using link preload but not used within a few seconds from the window's load event. Please make sure it has an appropriate `as` value and it is preloaded intentionally. @ https://in.pinterest.com/:0
[  106746ms] [WARNING] The resource https://i.pinimg.com/236x/63/5a/aa/635aaa6a21ee393aa410ab435efd4364.jpg was preloaded using link preload but not used within a few seconds from the window's load event. Please make sure it has an appropriate `as` value and it is preloaded intentionally. @ https://in.pinterest.com/:0
[  111865ms] [WARNING] The resource https://i.pinimg.com/236x/8b/d5/e5/8bd5e538dfd69b03b027281f2ac2dee2.jpg was preloaded using link preload but not used within a few seconds from the window's load event. Please make sure it has an appropriate `as` value and it is preloaded intentionally. @ https://in.pinterest.com/:0
[  111865ms] [WARNING] The resource https://i.pinimg.com/236x/a8/ec/aa/a8ecaa5ad959cd723c83499697a00ec7.jpg was preloaded using link preload but not used within a few seconds from the window's load event. Please make sure it has an appropriate `as` value and it is preloaded intentionally. @ https://in.pinterest.com/:0
[  111865ms] [WARNING] The resource https://i.pinimg.com/236x/f3/e4/35/f3e435a51bd8034400ae6042c81343bf.jpg was preloaded using link preload but not used within a few seconds from the window's load event. Please make sure it has an appropriate `as` value and it is preloaded intentionally. @ https://in.pinterest.com/:0
[  111865ms] [WARNING] The resource https://i.pinimg.com/236x/5d/27/eb/5d27eb5d6c53a03f8baa556b12680389.jpg was preloaded using link preload but not used within a few seconds from the window's load event. Please make sure it has an appropriate `as` value and it is preloaded intentionally. @ https://in.pinterest.com/:0
[  111865ms] [WARNING] The resource https://i.pinimg.com/236x/9c/7b/82/9c7b82d2eeaf8127a2b870c6e0b404b7.jpg was preloaded using link preload but not used within a few seconds from the window's load event. Please make sure it has an appropriate `as` value and it is preloaded intentionally. @ https://in.pinterest.com/:0
[  111865ms] [WARNING] The resource https://i.pinimg.com/236x/68/81/2c/68812c072c93fddc4cc6976724521846.jpg was preloaded using link preload but not used within a few seconds from the window's load event. Please make sure it has an appropriate `as` value and it is preloaded intentionally. @ https://in.pinterest.com/:0
[  111865ms] [WARNING] The resource https://i.pinimg.com/236x/ab/78/e4/ab78e428300633ae0be35bb5b0dc5a52.jpg was preloaded using link preload but not used within a few seconds from the window's load event. Please make sure it has an appropriate `as` value and it is preloaded intentionally. @ https://in.pinterest.com/:0
[  111865ms] [WARNING] The resource https://i.pinimg.com/236x/f8/7d/e0/f87de07a1c4eaa814e6d18ea2ee82c0b.jpg was preloaded using link preload but not used within a few seconds from the window's load event. Please make sure it has an appropriate `as` value and it is preloaded intentionally. @ https://in.pinterest.com/:0
[  111865ms] [WARNING] The resource https://i.pinimg.com/236x/93/3d/8a/933d8a425627530ebf480d9ed529bcf8.jpg was preloaded using link preload but not used within a few seconds from the window's load event. Please make sure it has an appropriate `as` value and it is preloaded intentionally. @ https://in.pinterest.com/:0
[  111865ms] [WARNING] The resource https://i.pinimg.com/236x/09/2f/fd/092ffde278024701330c4815e085e926.jpg was preloaded using link preload but not used within a few seconds from the window's load event. Please make sure it has an appropriate `as` value and it is preloaded intentionally. @ https://in.pinterest.com/:0
[  111865ms] [WARNING] The resource https://i.pinimg.com/236x/b5/18/41/b5184171fd55fc19e78ef17459bdd908.jpg was preloaded using link preload but not used within a few seconds from the window's load event. Please make sure it has an appropriate `as` value and it is preloaded intentionally. @ https://in.pinterest.com/:0
[  111865ms] [WARNING] The resource https://i.pinimg.com/236x/bd/0b/8d/bd0b8d73fb10a46e797d0bbf7f0eb104.jpg was preloaded using link preload but not used within a few seconds from the window's load event. Please make sure it has an appropriate `as` value and it is preloaded intentionally. @ https://in.pinterest.com/:0
[  111865ms] [WARNING] The resource https://i.pinimg.com/236x/0f/bc/89/0fbc89d12e4d407256a3620a494d8d6c.jpg was preloaded using link preload but not used within a few seconds from the window's load event. Please make sure it has an appropriate `as` value and it is preloaded intentionally. @ https://in.pinterest.com/:0
[  111865ms] [WARNING] The resource https://i.pinimg.com/236x/33/46/20/3346209e3258ddce3ad5ebc20ddea587.jpg was preloaded using link preload but not used within a few seconds from the window's load event. Please make sure it has an appropriate `as` value and it is preloaded intentionally. @ https://in.pinterest.com/:0
[  111865ms] [WARNING] The resource https://i.pinimg.com/236x/34/12/ca/3412cac9cc261a33a26fd22e9a7849c7.jpg was preloaded using link preload but not used within a few seconds from the window's load event. Please make sure it has an appropriate `as` value and it is preloaded intentionally. @ https://in.pinterest.com/:0
[  111865ms] [WARNING] The resource https://i.pinimg.com/236x/bf/be/f3/bfbef3118e91a3b9696b33c499473722.jpg was preloaded using link preload but not used within a few seconds from the window's load event. Please make sure it has an appropriate `as` value and it is preloaded intentionally. @ https://in.pinterest.com/:0
[  111865ms] [WARNING] The resource https://i.pinimg.com/236x/d6/f4/12/d6f412af13b273cb06992e0d0f9acb06.jpg was preloaded using link preload but not used within a few seconds from the window's load event. Please make sure it has an appropriate `as` value and it is preloaded intentionally. @ https://in.pinterest.com/:0
[  111865ms] [WARNING] The resource https://i.pinimg.com/236x/c5/e1/7b/c5e17ba75077d628597569bd707b1f4f.jpg was preloaded using link preload but not used within a few seconds from the window's load event. Please make sure it has an appropriate `as` value and it is preloaded intentionally. @ https://in.pinterest.com/:0
[  111865ms] [WARNING] The resource https://i.pinimg.com/236x/3b/6d/be/3b6dbebf1ab65a1a4389fe4c22412e43.jpg was preloaded using link preload but not used within a few seconds from the window's load event. Please make sure it has an appropriate `as` value and it is preloaded intentionally. @ https://in.pinterest.com/:0
[  111865ms] [WARNING] The resource https://i.pinimg.com/236x/08/55/3f/08553f7a365f826c137741f8441172c1.jpg was preloaded using link preload but not used within a few seconds from the window's load event. Please make sure it has an appropriate `as` value and it is preloaded intentionally. @ https://in.pinterest.com/:0
[  111865ms] [WARNING] The resource https://i.pinimg.com/236x/5b/07/04/5b07047e77dbc39f8fb896209166f766.jpg was preloaded using link preload but not used within a few seconds from the window's load event. Please make sure it has an appropriate `as` value and it is preloaded intentionally. @ https://in.pinterest.com/:0
[  111865ms] [WARNING] The resource https://i.pinimg.com/236x/7f/ff/68/7fff6829e61d1924c44d8cb5a0cfbdff.jpg was preloaded using link preload but not used within a few seconds from the window's load event. Please make sure it has an appropriate `as` value and it is preloaded intentionally. @ https://in.pinterest.com/:0
[  111865ms] [WARNING] The resource https://i.pinimg.com/236x/6b/96/f6/6b96f6b640f0ad50a9e167c4f0fb0d14.jpg was preloaded using link preload but not used within a few seconds from the window's load event. Please make sure it has an appropriate `as` value and it is preloaded intentionally. @ https://in.pinterest.com/:0
[  111865ms] [WARNING] The resource https://i.pinimg.com/236x/fc/51/68/fc5168842dd7b4cbf7d546c2cd44cd84.jpg was preloaded using link preload but not used within a few seconds from the window's load event. Please make sure it has an appropriate `as` value and it is preloaded intentionally. @ https://in.pinterest.com/:0
[  111865ms] [WARNING] The resource https://i.pinimg.com/236x/a9/c1/88/a9c1885fa56ce7218e590d316d581a54.jpg was preloaded using link preload but not used within a few seconds from the window's load event. Please make sure it has an appropriate `as` value and it is preloaded intentionally. @ https://in.pinterest.com/:0
[  111865ms] [WARNING] The resource https://i.pinimg.com/236x/54/8d/19/548d19707904a6732e6404460831ed5a.jpg was preloaded using link preload but not used within a few seconds from the window's load event. Please make sure it has an appropriate `as` value and it is preloaded intentionally. @ https://in.pinterest.com/:0
[  111865ms] [WARNING] The resource https://i.pinimg.com/236x/18/90/ef/1890ef535df238114ff4d76624eb4360.jpg was preloaded using link preload but not used within a few seconds from the window's load event. Please make sure it has an appropriate `as` value and it is preloaded intentionally. @ https://in.pinterest.com/:0
[  111865ms] [WARNING] The resource https://i.pinimg.com/236x/63/5a/aa/635aaa6a21ee393aa410ab435efd4364.jpg was preloaded using link preload but not used within a few seconds from the window's load event. Please make sure it has an appropriate `as` value and it is preloaded intentionally. @ https://in.pinterest.com/:0
[  128756ms] [WARNING] The resource https://i.pinimg.com/236x/8b/d5/e5/8bd5e538dfd69b03b027281f2ac2dee2.jpg was preloaded using link preload but not used within a few seconds from the window's load event. Please make sure it has an appropriate `as` value and it is preloaded intentionally. @ https://in.pinterest.com/:0
[  128756ms] [WARNING] The resource https://i.pinimg.com/236x/a8/ec/aa/a8ecaa5ad959cd723c83499697a00ec7.jpg was preloaded using link preload but not used within a few seconds from the window's load event. Please make sure it has an appropriate `as` value and it is preloaded intentionally. @ https://in.pinterest.com/:0
[  128756ms] [WARNING] The resource https://i.pinimg.com/236x/f3/e4/35/f3e435a51bd8034400ae6042c81343bf.jpg was preloaded using link preload but not used within a few seconds from the window's load event. Please make sure it has an appropriate `as` value and it is preloaded intentionally. @ https://in.pinterest.com/:0
[  128756ms] [WARNING] The resource https://i.pinimg.com/236x/5d/27/eb/5d27eb5d6c53a03f8baa556b12680389.jpg was preloaded using link preload but not used within a few seconds from the window's load event. Please make sure it has an appropriate `as` value and it is preloaded intentionally. @ https://in.pinterest.com/:0
[  128756ms] [WARNING] The resource https://i.pinimg.com/236x/9c/7b/82/9c7b82d2eeaf8127a2b870c6e0b404b7.jpg was preloaded using link preload but not used within a few seconds from the window's load event. Please make sure it has an appropriate `as` value and it is preloaded intentionally. @ https://in.pinterest.com/:0
[  128756ms] [WARNING] The resource https://i.pinimg.com/236x/68/81/2c/68812c072c93fddc4cc6976724521846.jpg was preloaded using link preload but not used within a few seconds from the window's load event. Please make sure it has an appropriate `as` value and it is preloaded intentionally. @ https://in.pinterest.com/:0
[  128756ms] [WARNING] The resource https://i.pinimg.com/236x/ab/78/e4/ab78e428300633ae0be35bb5b0dc5a52.jpg was preloaded using link preload but not used within a few seconds from the window's load event. Please make sure it has an appropriate `as` value and it is preloaded intentionally. @ https://in.pinterest.com/:0
[  128756ms] [WARNING] The resource https://i.pinimg.com/236x/f8/7d/e0/f87de07a1c4eaa814e6d18ea2ee82c0b.jpg was preloaded using link preload but not used within a few seconds from the window's load event. Please make sure it has an appropriate `as` value and it is preloaded intentionally. @ https://in.pinterest.com/:0
[  128756ms] [WARNING] The resource https://i.pinimg.com/236x/93/3d/8a/933d8a425627530ebf480d9ed529bcf8.jpg was preloaded using link preload but not used within a few seconds from the window's load event. Please make sure it has an appropriate `as` value and it is preloaded intentionally. @ https://in.pinterest.com/:0
[  128756ms] [WARNING] The resource https://i.pinimg.com/236x/09/2f/fd/092ffde278024701330c4815e085e926.jpg was preloaded using link preload but not used within a few seconds from the window's load event. Please make sure it has an appropriate `as` value and it is preloaded intentionally. @ https://in.pinterest.com/:0
[  128756ms] [WARNING] The resource https://i.pinimg.com/236x/b5/18/41/b5184171fd55fc19e78ef17459bdd908.jpg was preloaded using link preload but not used within a few seconds from the window's load event. Please make sure it has an appropriate `as` value and it is preloaded intentionally. @ https://in.pinterest.com/:0
[  128756ms] [WARNING] The resource https://i.pinimg.com/236x/bd/0b/8d/bd0b8d73fb10a46e797d0bbf7f0eb104.jpg was preloaded using link preload but not used within a few seconds from the window's load event. Please make sure it has an appropriate `as` value and it is preloaded intentionally. @ https://in.pinterest.com/:0
[  128756ms] [WARNING] The resource https://i.pinimg.com/236x/0f/bc/89/0fbc89d12e4d407256a3620a494d8d6c.jpg was preloaded using link preload but not used within a few seconds from the window's load event. Please make sure it has an appropriate `as` value and it is preloaded intentionally. @ https://in.pinterest.com/:0
[  128756ms] [WARNING] The resource https://i.pinimg.com/236x/33/46/20/3346209e3258ddce3ad5ebc20ddea587.jpg was preloaded using link preload but not used within a few seconds from the window's load event. Please make sure it has an appropriate `as` value and it is preloaded intentionally. @ https://in.pinterest.com/:0
[  128756ms] [WARNING] The resource https://i.pinimg.com/236x/34/12/ca/3412cac9cc261a33a26fd22e9a7849c7.jpg was preloaded using link preload but not used within a few seconds from the window's load event. Please make sure it has an appropriate `as` value and it is preloaded intentionally. @ https://in.pinterest.com/:0
[  128756ms] [WARNING] The resource https://i.pinimg.com/236x/bf/be/f3/bfbef3118e91a3b9696b33c499473722.jpg was preloaded using link preload but not used within a few seconds from the window's load event. Please make sure it has an appropriate `as` value and it is preloaded intentionally. @ https://in.pinterest.com/:0
[  128756ms] [WARNING] The resource https://i.pinimg.com/236x/d6/f4/12/d6f412af13b273cb06992e0d0f9acb06.jpg was preloaded using link preload but not used within a few seconds from the window's load event. Please make sure it has an appropriate `as` value and it is preloaded intentionally. @ https://in.pinterest.com/:0
[  128756ms] [WARNING] The resource https://i.pinimg.com/236x/c5/e1/7b/c5e17ba75077d628597569bd707b1f4f.jpg was preloaded using link preload but not used within a few seconds from the window's load event. Please make sure it has an appropriate `as` value and it is preloaded intentionally. @ https://in.pinterest.com/:0
[  128756ms] [WARNING] The resource https://i.pinimg.com/236x/3b/6d/be/3b6dbebf1ab65a1a4389fe4c22412e43.jpg was preloaded using link preload but not used within a few seconds from the window's load event. Please make sure it has an appropriate `as` value and it is preloaded intentionally. @ https://in.pinterest.com/:0
[  128756ms] [WARNING] The resource https://i.pinimg.com/236x/08/55/3f/08553f7a365f826c137741f8441172c1.jpg was preloaded using link preload but not used within a few seconds from the window's load event. Please make sure it has an appropriate `as` value and it is preloaded intentionally. @ https://in.pinterest.com/:0
[  128756ms] [WARNING] The resource https://i.pinimg.com/236x/5b/07/04/5b07047e77dbc39f8fb896209166f766.jpg was preloaded using link preload but not used within a few seconds from the window's load event. Please make sure it has an appropriate `as` value and it is preloaded intentionally. @ https://in.pinterest.com/:0
[  128756ms] [WARNING] The resource https://i.pinimg.com/236x/7f/ff/68/7fff6829e61d1924c44d8cb5a0cfbdff.jpg was preloaded using link preload but not used within a few seconds from the window's load event. Please make sure it has an appropriate `as` value and it is preloaded intentionally. @ https://in.pinterest.com/:0
[  128756ms] [WARNING] The resource https://i.pinimg.com/236x/6b/96/f6/6b96f6b640f0ad50a9e167c4f0fb0d14.jpg was preloaded using link preload but not used within a few seconds from the window's load event. Please make sure it has an appropriate `as` value and it is preloaded intentionally. @ https://in.pinterest.com/:0
[  128756ms] [WARNING] The resource https://i.pinimg.com/236x/fc/51/68/fc5168842dd7b4cbf7d546c2cd44cd84.jpg was preloaded using link preload but not used within a few seconds from the window's load event. Please make sure it has an appropriate `as` value and it is preloaded intentionally. @ https://in.pinterest.com/:0
[  128756ms] [WARNING] The resource https://i.pinimg.com/236x/a9/c1/88/a9c1885fa56ce7218e590d316d581a54.jpg was preloaded using link preload but not used within a few seconds from the window's load event. Please make sure it has an appropriate `as` value and it is preloaded intentionally. @ https://in.pinterest.com/:0
[  128756ms] [WARNING] The resource https://i.pinimg.com/236x/54/8d/19/548d19707904a6732e6404460831ed5a.jpg was preloaded using link preload but not used within a few seconds from the window's load event. Please make sure it has an appropriate `as` value and it is preloaded intentionally. @ https://in.pinterest.com/:0
[  128756ms] [WARNING] The resource https://i.pinimg.com/236x/18/90/ef/1890ef535df238114ff4d76624eb4360.jpg was preloaded using link preload but not used within a few seconds from the window's load event. Please make sure it has an appropriate `as` value and it is preloaded intentionally. @ https://in.pinterest.com/:0
[  128756ms] [WARNING] The resource https://i.pinimg.com/236x/63/5a/aa/635aaa6a21ee393aa410ab435efd4364.jpg was preloaded using link preload but not used within a few seconds from the window's load event. Please make sure it has an appropriate `as` value and it is preloaded intentionally. @ https://in.pinterest.com/:0
[  132225ms] [WARNING] The resource https://i.pinimg.com/236x/8b/d5/e5/8bd5e538dfd69b03b027281f2ac2dee2.jpg was preloaded using link preload but not used within a few seconds from the window's load event. Please make sure it has an appropriate `as` value and it is preloaded intentionally. @ https://in.pinterest.com/:0
[  132225ms] [WARNING] The resource https://i.pinimg.com/236x/a8/ec/aa/a8ecaa5ad959cd723c83499697a00ec7.jpg was preloaded using link preload but not used within a few seconds from the window's load event. Please make sure it has an appropriate `as` value and it is preloaded intentionally. @ https://in.pinterest.com/:0
[  132225ms] [WARNING] The resource https://i.pinimg.com/236x/f3/e4/35/f3e435a51bd8034400ae6042c81343bf.jpg was preloaded using link preload but not used within a few seconds from the window's load event. Please make sure it has an appropriate `as` value and it is preloaded intentionally. @ https://in.pinterest.com/:0
[  132225ms] [WARNING] The resource https://i.pinimg.com/236x/5d/27/eb/5d27eb5d6c53a03f8baa556b12680389.jpg was preloaded using link preload but not used within a few seconds from the window's load event. Please make sure it has an appropriate `as` value and it is preloaded intentionally. @ https://in.pinterest.com/:0
[  132225ms] [WARNING] The resource https://i.pinimg.com/236x/9c/7b/82/9c7b82d2eeaf8127a2b870c6e0b404b7.jpg was preloaded using link preload but not used within a few seconds from the window's load event. Please make sure it has an appropriate `as` value and it is preloaded intentionally. @ https://in.pinterest.com/:0
[  132225ms] [WARNING] The resource https://i.pinimg.com/236x/68/81/2c/68812c072c93fddc4cc6976724521846.jpg was preloaded using link preload but not used within a few seconds from the window's load event. Please make sure it has an appropriate `as` value and it is preloaded intentionally. @ https://in.pinterest.com/:0
[  132225ms] [WARNING] The resource https://i.pinimg.com/236x/ab/78/e4/ab78e428300633ae0be35bb5b0dc5a52.jpg was preloaded using link preload but not used within a few seconds from the window's load event. Please make sure it has an appropriate `as` value and it is preloaded intentionally. @ https://in.pinterest.com/:0
[  132225ms] [WARNING] The resource https://i.pinimg.com/236x/f8/7d/e0/f87de07a1c4eaa814e6d18ea2ee82c0b.jpg was preloaded using link preload but not used within a few seconds from the window's load event. Please make sure it has an appropriate `as` value and it is preloaded intentionally. @ https://in.pinterest.com/:0
[  132225ms] [WARNING] The resource https://i.pinimg.com/236x/93/3d/8a/933d8a425627530ebf480d9ed529bcf8.jpg was preloaded using link preload but not used within a few seconds from the window's load event. Please make sure it has an appropriate `as` value and it is preloaded intentionally. @ https://in.pinterest.com/:0
[  132225ms] [WARNING] The resource https://i.pinimg.com/236x/09/2f/fd/092ffde278024701330c4815e085e926.jpg was preloaded using link preload but not used within a few seconds from the window's load event. Please make sure it has an appropriate `as` value and it is preloaded intentionally. @ https://in.pinterest.com/:0
[  132225ms] [WARNING] The resource https://i.pinimg.com/236x/b5/18/41/b5184171fd55fc19e78ef17459bdd908.jpg was preloaded using link preload but not used within a few seconds from the window's load event. Please make sure it has an appropriate `as` value and it is preloaded intentionally. @ https://in.pinterest.com/:0
[  132225ms] [WARNING] The resource https://i.pinimg.com/236x/bd/0b/8d/bd0b8d73fb10a46e797d0bbf7f0eb104.jpg was preloaded using link preload but not used within a few seconds from the window's load event. Please make sure it has an appropriate `as` value and it is preloaded intentionally. @ https://in.pinterest.com/:0
[  132225ms] [WARNING] The resource https://i.pinimg.com/236x/0f/bc/89/0fbc89d12e4d407256a3620a494d8d6c.jpg was preloaded using link preload but not used within a few seconds from the window's load event. Please make sure it has an appropriate `as` value and it is preloaded intentionally. @ https://in.pinterest.com/:0
[  132225ms] [WARNING] The resource https://i.pinimg.com/236x/33/46/20/3346209e3258ddce3ad5ebc20ddea587.jpg was preloaded using link preload but not used within a few seconds from the window's load event. Please make sure it has an appropriate `as` value and it is preloaded intentionally. @ https://in.pinterest.com/:0
[  132225ms] [WARNING] The resource https://i.pinimg.com/236x/34/12/ca/3412cac9cc261a33a26fd22e9a7849c7.jpg was preloaded using link preload but not used within a few seconds from the window's load event. Please make sure it has an appropriate `as` value and it is preloaded intentionally. @ https://in.pinterest.com/:0
[  132225ms] [WARNING] The resource https://i.pinimg.com/236x/bf/be/f3/bfbef3118e91a3b9696b33c499473722.jpg was preloaded using link preload but not used within a few seconds from the window's load event. Please make sure it has an appropriate `as` value and it is preloaded intentionally. @ https://in.pinterest.com/:0
[  132225ms] [WARNING] The resource https://i.pinimg.com/236x/d6/f4/12/d6f412af13b273cb06992e0d0f9acb06.jpg was preloaded using link preload but not used within a few seconds from the window's load event. Please make sure it has an appropriate `as` value and it is preloaded intentionally. @ https://in.pinterest.com/:0
[  132225ms] [WARNING] The resource https://i.pinimg.com/236x/c5/e1/7b/c5e17ba75077d628597569bd707b1f4f.jpg was preloaded using link preload but not used within a few seconds from the window's load event. Please make sure it has an appropriate `as` value and it is preloaded intentionally. @ https://in.pinterest.com/:0
[  132225ms] [WARNING] The resource https://i.pinimg.com/236x/3b/6d/be/3b6dbebf1ab65a1a4389fe4c22412e43.jpg was preloaded using link preload but not used within a few seconds from the window's load event. Please make sure it has an appropriate `as` value and it is preloaded intentionally. @ https://in.pinterest.com/:0
[  132225ms] [WARNING] The resource https://i.pinimg.com/236x/08/55/3f/08553f7a365f826c137741f8441172c1.jpg was preloaded using link preload but not used within a few seconds from the window's load event. Please make sure it has an appropriate `as` value and it is preloaded intentionally. @ https://in.pinterest.com/:0
[  132225ms] [WARNING] The resource https://i.pinimg.com/236x/5b/07/04/5b07047e77dbc39f8fb896209166f766.jpg was preloaded using link preload but not used within a few seconds from the window's load event. Please make sure it has an appropriate `as` value and it is preloaded intentionally. @ https://in.pinterest.com/:0
[  132225ms] [WARNING] The resource https://i.pinimg.com/236x/7f/ff/68/7fff6829e61d1924c44d8cb5a0cfbdff.jpg was preloaded using link preload but not used within a few seconds from the window's load event. Please make sure it has an appropriate `as` value and it is preloaded intentionally. @ https://in.pinterest.com/:0
[  132225ms] [WARNING] The resource https://i.pinimg.com/236x/6b/96/f6/6b96f6b640f0ad50a9e167c4f0fb0d14.jpg was preloaded using link preload but not used within a few seconds from the window's load event. Please make sure it has an appropriate `as` value and it is preloaded intentionally. @ https://in.pinterest.com/:0
[  132225ms] [WARNING] The resource https://i.pinimg.com/236x/fc/51/68/fc5168842dd7b4cbf7d546c2cd44cd84.jpg was preloaded using link preload but not used within a few seconds from the window's load event. Please make sure it has an appropriate `as` value and it is preloaded intentionally. @ https://in.pinterest.com/:0
[  132225ms] [WARNING] The resource https://i.pinimg.com/236x/a9/c1/88/a9c1885fa56ce7218e590d316d581a54.jpg was preloaded using link preload but not used within a few seconds from the window's load event. Please make sure it has an appropriate `as` value and it is preloaded intentionally. @ https://in.pinterest.com/:0
[  132225ms] [WARNING] The resource https://i.pinimg.com/236x/54/8d/19/548d19707904a6732e6404460831ed5a.jpg was preloaded using link preload but not used within a few seconds from the window's load event. Please make sure it has an appropriate `as` value and it is preloaded intentionally. @ https://in.pinterest.com/:0
[  132225ms] [WARNING] The resource https://i.pinimg.com/236x/18/90/ef/1890ef535df238114ff4d76624eb4360.jpg was preloaded using link preload but not used within a few seconds from the window's load event. Please make sure it has an appropriate `as` value and it is preloaded intentionally. @ https://in.pinterest.com/:0
[  132225ms] [WARNING] The resource https://i.pinimg.com/236x/63/5a/aa/635aaa6a21ee393aa410ab435efd4364.jpg was preloaded using link preload but not used within a few seconds from the window's load event. Please make sure it has an appropriate `as` value and it is preloaded intentionally. @ https://in.pinterest.com/:0
[  170828ms] [WARNING] The resource https://i.pinimg.com/236x/8b/d5/e5/8bd5e538dfd69b03b027281f2ac2dee2.jpg was preloaded using link preload but not used within a few seconds from the window's load event. Please make sure it has an appropriate `as` value and it is preloaded intentionally. @ https://in.pinterest.com/:0
[  170828ms] [WARNING] The resource https://i.pinimg.com/236x/a8/ec/aa/a8ecaa5ad959cd723c83499697a00ec7.jpg was preloaded using link preload but not used within a few seconds from the window's load event. Please make sure it has an appropriate `as` value and it is preloaded intentionally. @ https://in.pinterest.com/:0
[  170828ms] [WARNING] The resource https://i.pinimg.com/236x/f3/e4/35/f3e435a51bd8034400ae6042c81343bf.jpg was preloaded using link preload but not used within a few seconds from the window's load event. Please make sure it has an appropriate `as` value and it is preloaded intentionally. @ https://in.pinterest.com/:0
[  170828ms] [WARNING] The resource https://i.pinimg.com/236x/5d/27/eb/5d27eb5d6c53a03f8baa556b12680389.jpg was preloaded using link preload but not used within a few seconds from the window's load event. Please make sure it has an appropriate `as` value and it is preloaded intentionally. @ https://in.pinterest.com/:0
[  170828ms] [WARNING] The resource https://i.pinimg.com/236x/9c/7b/82/9c7b82d2eeaf8127a2b870c6e0b404b7.jpg was preloaded using link preload but not used within a few seconds from the window's load event. Please make sure it has an appropriate `as` value and it is preloaded intentionally. @ https://in.pinterest.com/:0
[  170828ms] [WARNING] The resource https://i.pinimg.com/236x/68/81/2c/68812c072c93fddc4cc6976724521846.jpg was preloaded using link preload but not used within a few seconds from the window's load event. Please make sure it has an appropriate `as` value and it is preloaded intentionally. @ https://in.pinterest.com/:0
[  170828ms] [WARNING] The resource https://i.pinimg.com/236x/ab/78/e4/ab78e428300633ae0be35bb5b0dc5a52.jpg was preloaded using link preload but not used within a few seconds from the window's load event. Please make sure it has an appropriate `as` value and it is preloaded intentionally. @ https://in.pinterest.com/:0
[  170828ms] [WARNING] The resource https://i.pinimg.com/236x/f8/7d/e0/f87de07a1c4eaa814e6d18ea2ee82c0b.jpg was preloaded using link preload but not used within a few seconds from the window's load event. Please make sure it has an appropriate `as` value and it is preloaded intentionally. @ https://in.pinterest.com/:0
[  170828ms] [WARNING] The resource https://i.pinimg.com/236x/93/3d/8a/933d8a425627530ebf480d9ed529bcf8.jpg was preloaded using link preload but not used within a few seconds from the window's load event. Please make sure it has an appropriate `as` value and it is preloaded intentionally. @ https://in.pinterest.com/:0
[  170828ms] [WARNING] The resource https://i.pinimg.com/236x/09/2f/fd/092ffde278024701330c4815e085e926.jpg was preloaded using link preload but not used within a few seconds from the window's load event. Please make sure it has an appropriate `as` value and it is preloaded intentionally. @ https://in.pinterest.com/:0
[  170828ms] [WARNING] The resource https://i.pinimg.com/236x/b5/18/41/b5184171fd55fc19e78ef17459bdd908.jpg was preloaded using link preload but not used within a few seconds from the window's load event. Please make sure it has an appropriate `as` value and it is preloaded intentionally. @ https://in.pinterest.com/:0
[  170828ms] [WARNING] The resource https://i.pinimg.com/236x/bd/0b/8d/bd0b8d73fb10a46e797d0bbf7f0eb104.jpg was preloaded using link preload but not used within a few seconds from the window's load event. Please make sure it has an appropriate `as` value and it is preloaded intentionally. @ https://in.pinterest.com/:0
[  170828ms] [WARNING] The resource https://i.pinimg.com/236x/0f/bc/89/0fbc89d12e4d407256a3620a494d8d6c.jpg was preloaded using link preload but not used within a few seconds from the window's load event. Please make sure it has an appropriate `as` value and it is preloaded intentionally. @ https://in.pinterest.com/:0
[  170828ms] [WARNING] The resource https://i.pinimg.com/236x/33/46/20/3346209e3258ddce3ad5ebc20ddea587.jpg was preloaded using link preload but not used within a few seconds from the window's load event. Please make sure it has an appropriate `as` value and it is preloaded intentionally. @ https://in.pinterest.com/:0
[  170828ms] [WARNING] The resource https://i.pinimg.com/236x/34/12/ca/3412cac9cc261a33a26fd22e9a7849c7.jpg was preloaded using link preload but not used within a few seconds from the window's load event. Please make sure it has an appropriate `as` value and it is preloaded intentionally. @ https://in.pinterest.com/:0
[  170828ms] [WARNING] The resource https://i.pinimg.com/236x/bf/be/f3/bfbef3118e91a3b9696b33c499473722.jpg was preloaded using link preload but not used within a few seconds from the window's load event. Please make sure it has an appropriate `as` value and it is preloaded intentionally. @ https://in.pinterest.com/:0
[  170828ms] [WARNING] The resource https://i.pinimg.com/236x/d6/f4/12/d6f412af13b273cb06992e0d0f9acb06.jpg was preloaded using link preload but not used within a few seconds from the window's load event. Please make sure it has an appropriate `as` value and it is preloaded intentionally. @ https://in.pinterest.com/:0
[  170828ms] [WARNING] The resource https://i.pinimg.com/236x/c5/e1/7b/c5e17ba75077d628597569bd707b1f4f.jpg was preloaded using link preload but not used within a few seconds from the window's load event. Please make sure it has an appropriate `as` value and it is preloaded intentionally. @ https://in.pinterest.com/:0
[  170828ms] [WARNING] The resource https://i.pinimg.com/236x/3b/6d/be/3b6dbebf1ab65a1a4389fe4c22412e43.jpg was preloaded using link preload but not used within a few seconds from the window's load event. Please make sure it has an appropriate `as` value and it is preloaded intentionally. @ https://in.pinterest.com/:0
[  170828ms] [WARNING] The resource https://i.pinimg.com/236x/08/55/3f/08553f7a365f826c137741f8441172c1.jpg was preloaded using link preload but not used within a few seconds from the window's load event. Please make sure it has an appropriate `as` value and it is preloaded intentionally. @ https://in.pinterest.com/:0
[  170828ms] [WARNING] The resource https://i.pinimg.com/236x/5b/07/04/5b07047e77dbc39f8fb896209166f766.jpg was preloaded using link preload but not used within a few seconds from the window's load event. Please make sure it has an appropriate `as` value and it is preloaded intentionally. @ https://in.pinterest.com/:0
[  170828ms] [WARNING] The resource https://i.pinimg.com/236x/7f/ff/68/7fff6829e61d1924c44d8cb5a0cfbdff.jpg was preloaded using link preload but not used within a few seconds from the window's load event. Please make sure it has an appropriate `as` value and it is preloaded intentionally. @ https://in.pinterest.com/:0
[  170828ms] [WARNING] The resource https://i.pinimg.com/236x/6b/96/f6/6b96f6b640f0ad50a9e167c4f0fb0d14.jpg was preloaded using link preload but not used within a few seconds from the window's load event. Please make sure it has an appropriate `as` value and it is preloaded intentionally. @ https://in.pinterest.com/:0
[  170828ms] [WARNING] The resource https://i.pinimg.com/236x/fc/51/68/fc5168842dd7b4cbf7d546c2cd44cd84.jpg was preloaded using link preload but not used within a few seconds from the window's load event. Please make sure it has an appropriate `as` value and it is preloaded intentionally. @ https://in.pinterest.com/:0
[  170828ms] [WARNING] The resource https://i.pinimg.com/236x/a9/c1/88/a9c1885fa56ce7218e590d316d581a54.jpg was preloaded using link preload but not used within a few seconds from the window's load event. Please make sure it has an appropriate `as` value and it is preloaded intentionally. @ https://in.pinterest.com/:0
[  170828ms] [WARNING] The resource https://i.pinimg.com/236x/54/8d/19/548d19707904a6732e6404460831ed5a.jpg was preloaded using link preload but not used within a few seconds from the window's load event. Please make sure it has an appropriate `as` value and it is preloaded intentionally. @ https://in.pinterest.com/:0
[  170828ms] [WARNING] The resource https://i.pinimg.com/236x/18/90/ef/1890ef535df238114ff4d76624eb4360.jpg was preloaded using link preload but not used within a few seconds from the window's load event. Please make sure it has an appropriate `as` value and it is preloaded intentionally. @ https://in.pinterest.com/:0
[  170828ms] [WARNING] The resource https://i.pinimg.com/236x/63/5a/aa/635aaa6a21ee393aa410ab435efd4364.jpg was preloaded using link preload but not used within a few seconds from the window's load event. Please make sure it has an appropriate `as` value and it is preloaded intentionally. @ https://in.pinterest.com/:0
[  175631ms] [WARNING] The resource https://i.pinimg.com/236x/8b/d5/e5/8bd5e538dfd69b03b027281f2ac2dee2.jpg was preloaded using link preload but not used within a few seconds from the window's load event. Please make sure it has an appropriate `as` value and it is preloaded intentionally. @ https://in.pinterest.com/:0
[  175631ms] [WARNING] The resource https://i.pinimg.com/236x/a8/ec/aa/a8ecaa5ad959cd723c83499697a00ec7.jpg was preloaded using link preload but not used within a few seconds from the window's load event. Please make sure it has an appropriate `as` value and it is preloaded intentionally. @ https://in.pinterest.com/:0
[  175631ms] [WARNING] The resource https://i.pinimg.com/236x/f3/e4/35/f3e435a51bd8034400ae6042c81343bf.jpg was preloaded using link preload but not used within a few seconds from the window's load event. Please make sure it has an appropriate `as` value and it is preloaded intentionally. @ https://in.pinterest.com/:0
[  175631ms] [WARNING] The resource https://i.pinimg.com/236x/5d/27/eb/5d27eb5d6c53a03f8baa556b12680389.jpg was preloaded using link preload but not used within a few seconds from the window's load event. Please make sure it has an appropriate `as` value and it is preloaded intentionally. @ https://in.pinterest.com/:0
[  175631ms] [WARNING] The resource https://i.pinimg.com/236x/9c/7b/82/9c7b82d2eeaf8127a2b870c6e0b404b7.jpg was preloaded using link preload but not used within a few seconds from the window's load event. Please make sure it has an appropriate `as` value and it is preloaded intentionally. @ https://in.pinterest.com/:0
[  175631ms] [WARNING] The resource https://i.pinimg.com/236x/68/81/2c/68812c072c93fddc4cc6976724521846.jpg was preloaded using link preload but not used within a few seconds from the window's load event. Please make sure it has an appropriate `as` value and it is preloaded intentionally. @ https://in.pinterest.com/:0
[  175631ms] [WARNING] The resource https://i.pinimg.com/236x/ab/78/e4/ab78e428300633ae0be35bb5b0dc5a52.jpg was preloaded using link preload but not used within a few seconds from the window's load event. Please make sure it has an appropriate `as` value and it is preloaded intentionally. @ https://in.pinterest.com/:0
[  175631ms] [WARNING] The resource https://i.pinimg.com/236x/f8/7d/e0/f87de07a1c4eaa814e6d18ea2ee82c0b.jpg was preloaded using link preload but not used within a few seconds from the window's load event. Please make sure it has an appropriate `as` value and it is preloaded intentionally. @ https://in.pinterest.com/:0
[  175631ms] [WARNING] The resource https://i.pinimg.com/236x/93/3d/8a/933d8a425627530ebf480d9ed529bcf8.jpg was preloaded using link preload but not used within a few seconds from the window's load event. Please make sure it has an appropriate `as` value and it is preloaded intentionally. @ https://in.pinterest.com/:0
[  175631ms] [WARNING] The resource https://i.pinimg.com/236x/09/2f/fd/092ffde278024701330c4815e085e926.jpg was preloaded using link preload but not used within a few seconds from the window's load event. Please make sure it has an appropriate `as` value and it is preloaded intentionally. @ https://in.pinterest.com/:0
[  175631ms] [WARNING] The resource https://i.pinimg.com/236x/b5/18/41/b5184171fd55fc19e78ef17459bdd908.jpg was preloaded using link preload but not used within a few seconds from the window's load event. Please make sure it has an appropriate `as` value and it is preloaded intentionally. @ https://in.pinterest.com/:0
[  175631ms] [WARNING] The resource https://i.pinimg.com/236x/bd/0b/8d/bd0b8d73fb10a46e797d0bbf7f0eb104.jpg was preloaded using link preload but not used within a few seconds from the window's load event. Please make sure it has an appropriate `as` value and it is preloaded intentionally. @ https://in.pinterest.com/:0
[  175631ms] [WARNING] The resource https://i.pinimg.com/236x/0f/bc/89/0fbc89d12e4d407256a3620a494d8d6c.jpg was preloaded using link preload but not used within a few seconds from the window's load event. Please make sure it has an appropriate `as` value and it is preloaded intentionally. @ https://in.pinterest.com/:0
[  175631ms] [WARNING] The resource https://i.pinimg.com/236x/33/46/20/3346209e3258ddce3ad5ebc20ddea587.jpg was preloaded using link preload but not used within a few seconds from the window's load event. Please make sure it has an appropriate `as` value and it is preloaded intentionally. @ https://in.pinterest.com/:0
[  175631ms] [WARNING] The resource https://i.pinimg.com/236x/34/12/ca/3412cac9cc261a33a26fd22e9a7849c7.jpg was preloaded using link preload but not used within a few seconds from the window's load event. Please make sure it has an appropriate `as` value and it is preloaded intentionally. @ https://in.pinterest.com/:0
[  175631ms] [WARNING] The resource https://i.pinimg.com/236x/bf/be/f3/bfbef3118e91a3b9696b33c499473722.jpg was preloaded using link preload but not used within a few seconds from the window's load event. Please make sure it has an appropriate `as` value and it is preloaded intentionally. @ https://in.pinterest.com/:0
[  175631ms] [WARNING] The resource https://i.pinimg.com/236x/d6/f4/12/d6f412af13b273cb06992e0d0f9acb06.jpg was preloaded using link preload but not used within a few seconds from the window's load event. Please make sure it has an appropriate `as` value and it is preloaded intentionally. @ https://in.pinterest.com/:0
[  175631ms] [WARNING] The resource https://i.pinimg.com/236x/c5/e1/7b/c5e17ba75077d628597569bd707b1f4f.jpg was preloaded using link preload but not used within a few seconds from the window's load event. Please make sure it has an appropriate `as` value and it is preloaded intentionally. @ https://in.pinterest.com/:0
[  175631ms] [WARNING] The resource https://i.pinimg.com/236x/3b/6d/be/3b6dbebf1ab65a1a4389fe4c22412e43.jpg was preloaded using link preload but not used within a few seconds from the window's load event. Please make sure it has an appropriate `as` value and it is preloaded intentionally. @ https://in.pinterest.com/:0
[  175631ms] [WARNING] The resource https://i.pinimg.com/236x/08/55/3f/08553f7a365f826c137741f8441172c1.jpg was preloaded using link preload but not used within a few seconds from the window's load event. Please make sure it has an appropriate `as` value and it is preloaded intentionally. @ https://in.pinterest.com/:0
[  175631ms] [WARNING] The resource https://i.pinimg.com/236x/5b/07/04/5b07047e77dbc39f8fb896209166f766.jpg was preloaded using link preload but not used within a few seconds from the window's load event. Please make sure it has an appropriate `as` value and it is preloaded intentionally. @ https://in.pinterest.com/:0
[  175631ms] [WARNING] The resource https://i.pinimg.com/236x/7f/ff/68/7fff6829e61d1924c44d8cb5a0cfbdff.jpg was preloaded using link preload but not used within a few seconds from the window's load event. Please make sure it has an appropriate `as` value and it is preloaded intentionally. @ https://in.pinterest.com/:0
[  175631ms] [WARNING] The resource https://i.pinimg.com/236x/6b/96/f6/6b96f6b640f0ad50a9e167c4f0fb0d14.jpg was preloaded using link preload but not used within a few seconds from the window's load event. Please make sure it has an appropriate `as` value and it is preloaded intentionally. @ https://in.pinterest.com/:0
[  175631ms] [WARNING] The resource https://i.pinimg.com/236x/fc/51/68/fc5168842dd7b4cbf7d546c2cd44cd84.jpg was preloaded using link preload but not used within a few seconds from the window's load event. Please make sure it has an appropriate `as` value and it is preloaded intentionally. @ https://in.pinterest.com/:0
[  175631ms] [WARNING] The resource https://i.pinimg.com/236x/a9/c1/88/a9c1885fa56ce7218e590d316d581a54.jpg was preloaded using link preload but not used within a few seconds from the window's load event. Please make sure it has an appropriate `as` value and it is preloaded intentionally. @ https://in.pinterest.com/:0
[  175631ms] [WARNING] The resource https://i.pinimg.com/236x/54/8d/19/548d19707904a6732e6404460831ed5a.jpg was preloaded using link preload but not used within a few seconds from the window's load event. Please make sure it has an appropriate `as` value and it is preloaded intentionally. @ https://in.pinterest.com/:0
[  175631ms] [WARNING] The resource https://i.pinimg.com/236x/18/90/ef/1890ef535df238114ff4d76624eb4360.jpg was preloaded using link preload but not used within a few seconds from the window's load event. Please make sure it has an appropriate `as` value and it is preloaded intentionally. @ https://in.pinterest.com/:0
[  175631ms] [WARNING] The resource https://i.pinimg.com/236x/63/5a/aa/635aaa6a21ee393aa410ab435efd4364.jpg was preloaded using link preload but not used within a few seconds from the window's load event. Please make sure it has an appropriate `as` value and it is preloaded intentionally. @ https://in.pinterest.com/:0
[  252825ms] [WARNING] The resource https://i.pinimg.com/236x/8b/d5/e5/8bd5e538dfd69b03b027281f2ac2dee2.jpg was preloaded using link preload but not used within a few seconds from the window's load event. Please make sure it has an appropriate `as` value and it is preloaded intentionally. @ https://in.pinterest.com/:0
[  252825ms] [WARNING] The resource https://i.pinimg.com/236x/a8/ec/aa/a8ecaa5ad959cd723c83499697a00ec7.jpg was preloaded using link preload but not used within a few seconds from the window's load event. Please make sure it has an appropriate `as` value and it is preloaded intentionally. @ https://in.pinterest.com/:0
[  252825ms] [WARNING] The resource https://i.pinimg.com/236x/f3/e4/35/f3e435a51bd8034400ae6042c81343bf.jpg was preloaded using link preload but not used within a few seconds from the window's load event. Please make sure it has an appropriate `as` value and it is preloaded intentionally. @ https://in.pinterest.com/:0
[  252825ms] [WARNING] The resource https://i.pinimg.com/236x/5d/27/eb/5d27eb5d6c53a03f8baa556b12680389.jpg was preloaded using link preload but not used within a few seconds from the window's load event. Please make sure it has an appropriate `as` value and it is preloaded intentionally. @ https://in.pinterest.com/:0
[  252825ms] [WARNING] The resource https://i.pinimg.com/236x/9c/7b/82/9c7b82d2eeaf8127a2b870c6e0b404b7.jpg was preloaded using link preload but not used within a few seconds from the window's load event. Please make sure it has an appropriate `as` value and it is preloaded intentionally. @ https://in.pinterest.com/:0
[  252825ms] [WARNING] The resource https://i.pinimg.com/236x/68/81/2c/68812c072c93fddc4cc6976724521846.jpg was preloaded using link preload but not used within a few seconds from the window's load event. Please make sure it has an appropriate `as` value and it is preloaded intentionally. @ https://in.pinterest.com/:0
[  252825ms] [WARNING] The resource https://i.pinimg.com/236x/ab/78/e4/ab78e428300633ae0be35bb5b0dc5a52.jpg was preloaded using link preload but not used within a few seconds from the window's load event. Please make sure it has an appropriate `as` value and it is preloaded intentionally. @ https://in.pinterest.com/:0
[  252825ms] [WARNING] The resource https://i.pinimg.com/236x/f8/7d/e0/f87de07a1c4eaa814e6d18ea2ee82c0b.jpg was preloaded using link preload but not used within a few seconds from the window's load event. Please make sure it has an appropriate `as` value and it is preloaded intentionally. @ https://in.pinterest.com/:0
[  252825ms] [WARNING] The resource https://i.pinimg.com/236x/93/3d/8a/933d8a425627530ebf480d9ed529bcf8.jpg was preloaded using link preload but not used within a few seconds from the window's load event. Please make sure it has an appropriate `as` value and it is preloaded intentionally. @ https://in.pinterest.com/:0
[  252825ms] [WARNING] The resource https://i.pinimg.com/236x/09/2f/fd/092ffde278024701330c4815e085e926.jpg was preloaded using link preload but not used within a few seconds from the window's load event. Please make sure it has an appropriate `as` value and it is preloaded intentionally. @ https://in.pinterest.com/:0
[  252825ms] [WARNING] The resource https://i.pinimg.com/236x/b5/18/41/b5184171fd55fc19e78ef17459bdd908.jpg was preloaded using link preload but not used within a few seconds from the window's load event. Please make sure it has an appropriate `as` value and it is preloaded intentionally. @ https://in.pinterest.com/:0
[  252825ms] [WARNING] The resource https://i.pinimg.com/236x/bd/0b/8d/bd0b8d73fb10a46e797d0bbf7f0eb104.jpg was preloaded using link preload but not used within a few seconds from the window's load event. Please make sure it has an appropriate `as` value and it is preloaded intentionally. @ https://in.pinterest.com/:0
[  252825ms] [WARNING] The resource https://i.pinimg.com/236x/0f/bc/89/0fbc89d12e4d407256a3620a494d8d6c.jpg was preloaded using link preload but not used within a few seconds from the window's load event. Please make sure it has an appropriate `as` value and it is preloaded intentionally. @ https://in.pinterest.com/:0
[  252825ms] [WARNING] The resource https://i.pinimg.com/236x/33/46/20/3346209e3258ddce3ad5ebc20ddea587.jpg was preloaded using link preload but not used within a few seconds from the window's load event. Please make sure it has an appropriate `as` value and it is preloaded intentionally. @ https://in.pinterest.com/:0
[  252825ms] [WARNING] The resource https://i.pinimg.com/236x/34/12/ca/3412cac9cc261a33a26fd22e9a7849c7.jpg was preloaded using link preload but not used within a few seconds from the window's load event. Please make sure it has an appropriate `as` value and it is preloaded intentionally. @ https://in.pinterest.com/:0
[  252825ms] [WARNING] The resource https://i.pinimg.com/236x/bf/be/f3/bfbef3118e91a3b9696b33c499473722.jpg was preloaded using link preload but not used within a few seconds from the window's load event. Please make sure it has an appropriate `as` value and it is preloaded intentionally. @ https://in.pinterest.com/:0
[  252825ms] [WARNING] The resource https://i.pinimg.com/236x/d6/f4/12/d6f412af13b273cb06992e0d0f9acb06.jpg was preloaded using link preload but not used within a few seconds from the window's load event. Please make sure it has an appropriate `as` value and it is preloaded intentionally. @ https://in.pinterest.com/:0
[  252826ms] [WARNING] The resource https://i.pinimg.com/236x/c5/e1/7b/c5e17ba75077d628597569bd707b1f4f.jpg was preloaded using link preload but not used within a few seconds from the window's load event. Please make sure it has an appropriate `as` value and it is preloaded intentionally. @ https://in.pinterest.com/:0
[  252826ms] [WARNING] The resource https://i.pinimg.com/236x/3b/6d/be/3b6dbebf1ab65a1a4389fe4c22412e43.jpg was preloaded using link preload but not used within a few seconds from the window's load event. Please make sure it has an appropriate `as` value and it is preloaded intentionally. @ https://in.pinterest.com/:0
[  252826ms] [WARNING] The resource https://i.pinimg.com/236x/08/55/3f/08553f7a365f826c137741f8441172c1.jpg was preloaded using link preload but not used within a few seconds from the window's load event. Please make sure it has an appropriate `as` value and it is preloaded intentionally. @ https://in.pinterest.com/:0
[  252826ms] [WARNING] The resource https://i.pinimg.com/236x/5b/07/04/5b07047e77dbc39f8fb896209166f766.jpg was preloaded using link preload but not used within a few seconds from the window's load event. Please make sure it has an appropriate `as` value and it is preloaded intentionally. @ https://in.pinterest.com/:0
[  252826ms] [WARNING] The resource https://i.pinimg.com/236x/7f/ff/68/7fff6829e61d1924c44d8cb5a0cfbdff.jpg was preloaded using link preload but not used within a few seconds from the window's load event. Please make sure it has an appropriate `as` value and it is preloaded intentionally. @ https://in.pinterest.com/:0
[  252826ms] [WARNING] The resource https://i.pinimg.com/236x/6b/96/f6/6b96f6b640f0ad50a9e167c4f0fb0d14.jpg was preloaded using link preload but not used within a few seconds from the window's load event. Please make sure it has an appropriate `as` value and it is preloaded intentionally. @ https://in.pinterest.com/:0
[  252826ms] [WARNING] The resource https://i.pinimg.com/236x/fc/51/68/fc5168842dd7b4cbf7d546c2cd44cd84.jpg was preloaded using link preload but not used within a few seconds from the window's load event. Please make sure it has an appropriate `as` value and it is preloaded intentionally. @ https://in.pinterest.com/:0
[  252826ms] [WARNING] The resource https://i.pinimg.com/236x/a9/c1/88/a9c1885fa56ce7218e590d316d581a54.jpg was preloaded using link preload but not used within a few seconds from the window's load event. Please make sure it has an appropriate `as` value and it is preloaded intentionally. @ https://in.pinterest.com/:0
[  252826ms] [WARNING] The resource https://i.pinimg.com/236x/54/8d/19/548d19707904a6732e6404460831ed5a.jpg was preloaded using link preload but not used within a few seconds from the window's load event. Please make sure it has an appropriate `as` value and it is preloaded intentionally. @ https://in.pinterest.com/:0
[  252826ms] [WARNING] The resource https://i.pinimg.com/236x/18/90/ef/1890ef535df238114ff4d76624eb4360.jpg was preloaded using link preload but not used within a few seconds from the window's load event. Please make sure it has an appropriate `as` value and it is preloaded intentionally. @ https://in.pinterest.com/:0
[  252826ms] [WARNING] The resource https://i.pinimg.com/236x/63/5a/aa/635aaa6a21ee393aa410ab435efd4364.jpg was preloaded using link preload but not used within a few seconds from the window's load event. Please make sure it has an appropriate `as` value and it is preloaded intentionally. @ https://in.pinterest.com/:0
[  257648ms] [WARNING] The resource https://i.pinimg.com/236x/8b/d5/e5/8bd5e538dfd69b03b027281f2ac2dee2.jpg was preloaded using link preload but not used within a few seconds from the window's load event. Please make sure it has an appropriate `as` value and it is preloaded intentionally. @ https://in.pinterest.com/:0
[  257648ms] [WARNING] The resource https://i.pinimg.com/236x/a8/ec/aa/a8ecaa5ad959cd723c83499697a00ec7.jpg was preloaded using link preload but not used within a few seconds from the window's load event. Please make sure it has an appropriate `as` value and it is preloaded intentionally. @ https://in.pinterest.com/:0
[  257648ms] [WARNING] The resource https://i.pinimg.com/236x/f3/e4/35/f3e435a51bd8034400ae6042c81343bf.jpg was preloaded using link preload but not used within a few seconds from the window's load event. Please make sure it has an appropriate `as` value and it is preloaded intentionally. @ https://in.pinterest.com/:0
[  257648ms] [WARNING] The resource https://i.pinimg.com/236x/5d/27/eb/5d27eb5d6c53a03f8baa556b12680389.jpg was preloaded using link preload but not used within a few seconds from the window's load event. Please make sure it has an appropriate `as` value and it is preloaded intentionally. @ https://in.pinterest.com/:0
[  257649ms] [WARNING] The resource https://i.pinimg.com/236x/9c/7b/82/9c7b82d2eeaf8127a2b870c6e0b404b7.jpg was preloaded using link preload but not used within a few seconds from the window's load event. Please make sure it has an appropriate `as` value and it is preloaded intentionally. @ https://in.pinterest.com/:0
[  257649ms] [WARNING] The resource https://i.pinimg.com/236x/68/81/2c/68812c072c93fddc4cc6976724521846.jpg was preloaded using link preload but not used within a few seconds from the window's load event. Please make sure it has an appropriate `as` value and it is preloaded intentionally. @ https://in.pinterest.com/:0
[  257649ms] [WARNING] The resource https://i.pinimg.com/236x/ab/78/e4/ab78e428300633ae0be35bb5b0dc5a52.jpg was preloaded using link preload but not used within a few seconds from the window's load event. Please make sure it has an appropriate `as` value and it is preloaded intentionally. @ https://in.pinterest.com/:0
[  257649ms] [WARNING] The resource https://i.pinimg.com/236x/f8/7d/e0/f87de07a1c4eaa814e6d18ea2ee82c0b.jpg was preloaded using link preload but not used within a few seconds from the window's load event. Please make sure it has an appropriate `as` value and it is preloaded intentionally. @ https://in.pinterest.com/:0
[  257649ms] [WARNING] The resource https://i.pinimg.com/236x/93/3d/8a/933d8a425627530ebf480d9ed529bcf8.jpg was preloaded using link preload but not used within a few seconds from the window's load event. Please make sure it has an appropriate `as` value and it is preloaded intentionally. @ https://in.pinterest.com/:0
[  257649ms] [WARNING] The resource https://i.pinimg.com/236x/09/2f/fd/092ffde278024701330c4815e085e926.jpg was preloaded using link preload but not used within a few seconds from the window's load event. Please make sure it has an appropriate `as` value and it is preloaded intentionally. @ https://in.pinterest.com/:0
[  257649ms] [WARNING] The resource https://i.pinimg.com/236x/b5/18/41/b5184171fd55fc19e78ef17459bdd908.jpg was preloaded using link preload but not used within a few seconds from the window's load event. Please make sure it has an appropriate `as` value and it is preloaded intentionally. @ https://in.pinterest.com/:0
[  257649ms] [WARNING] The resource https://i.pinimg.com/236x/bd/0b/8d/bd0b8d73fb10a46e797d0bbf7f0eb104.jpg was preloaded using link preload but not used within a few seconds from the window's load event. Please make sure it has an appropriate `as` value and it is preloaded intentionally. @ https://in.pinterest.com/:0
[  257649ms] [WARNING] The resource https://i.pinimg.com/236x/0f/bc/89/0fbc89d12e4d407256a3620a494d8d6c.jpg was preloaded using link preload but not used within a few seconds from the window's load event. Please make sure it has an appropriate `as` value and it is preloaded intentionally. @ https://in.pinterest.com/:0
[  257649ms] [WARNING] The resource https://i.pinimg.com/236x/33/46/20/3346209e3258ddce3ad5ebc20ddea587.jpg was preloaded using link preload but not used within a few seconds from the window's load event. Please make sure it has an appropriate `as` value and it is preloaded intentionally. @ https://in.pinterest.com/:0
[  257649ms] [WARNING] The resource https://i.pinimg.com/236x/34/12/ca/3412cac9cc261a33a26fd22e9a7849c7.jpg was preloaded using link preload but not used within a few seconds from the window's load event. Please make sure it has an appropriate `as` value and it is preloaded intentionally. @ https://in.pinterest.com/:0
[  257649ms] [WARNING] The resource https://i.pinimg.com/236x/bf/be/f3/bfbef3118e91a3b9696b33c499473722.jpg was preloaded using link preload but not used within a few seconds from the window's load event. Please make sure it has an appropriate `as` value and it is preloaded intentionally. @ https://in.pinterest.com/:0
[  257649ms] [WARNING] The resource https://i.pinimg.com/236x/d6/f4/12/d6f412af13b273cb06992e0d0f9acb06.jpg was preloaded using link preload but not used within a few seconds from the window's load event. Please make sure it has an appropriate `as` value and it is preloaded intentionally. @ https://in.pinterest.com/:0
[  257649ms] [WARNING] The resource https://i.pinimg.com/236x/c5/e1/7b/c5e17ba75077d628597569bd707b1f4f.jpg was preloaded using link preload but not used within a few seconds from the window's load event. Please make sure it has an appropriate `as` value and it is preloaded intentionally. @ https://in.pinterest.com/:0
[  257649ms] [WARNING] The resource https://i.pinimg.com/236x/3b/6d/be/3b6dbebf1ab65a1a4389fe4c22412e43.jpg was preloaded using link preload but not used within a few seconds from the window's load event. Please make sure it has an appropriate `as` value and it is preloaded intentionally. @ https://in.pinterest.com/:0
[  257649ms] [WARNING] The resource https://i.pinimg.com/236x/08/55/3f/08553f7a365f826c137741f8441172c1.jpg was preloaded using link preload but not used within a few seconds from the window's load event. Please make sure it has an appropriate `as` value and it is preloaded intentionally. @ https://in.pinterest.com/:0
[  257649ms] [WARNING] The resource https://i.pinimg.com/236x/5b/07/04/5b07047e77dbc39f8fb896209166f766.jpg was preloaded using link preload but not used within a few seconds from the window's load event. Please make sure it has an appropriate `as` value and it is preloaded intentionally. @ https://in.pinterest.com/:0
[  257649ms] [WARNING] The resource https://i.pinimg.com/236x/7f/ff/68/7fff6829e61d1924c44d8cb5a0cfbdff.jpg was preloaded using link preload but not used within a few seconds from the window's load event. Please make sure it has an appropriate `as` value and it is preloaded intentionally. @ https://in.pinterest.com/:0
[  257649ms] [WARNING] The resource https://i.pinimg.com/236x/6b/96/f6/6b96f6b640f0ad50a9e167c4f0fb0d14.jpg was preloaded using link preload but not used within a few seconds from the window's load event. Please make sure it has an appropriate `as` value and it is preloaded intentionally. @ https://in.pinterest.com/:0
[  257649ms] [WARNING] The resource https://i.pinimg.com/236x/fc/51/68/fc5168842dd7b4cbf7d546c2cd44cd84.jpg was preloaded using link preload but not used within a few seconds from the window's load event. Please make sure it has an appropriate `as` value and it is preloaded intentionally. @ https://in.pinterest.com/:0
[  257649ms] [WARNING] The resource https://i.pinimg.com/236x/a9/c1/88/a9c1885fa56ce7218e590d316d581a54.jpg was preloaded using link preload but not used within a few seconds from the window's load event. Please make sure it has an appropriate `as` value and it is preloaded intentionally. @ https://in.pinterest.com/:0
[  257649ms] [WARNING] The resource https://i.pinimg.com/236x/54/8d/19/548d19707904a6732e6404460831ed5a.jpg was preloaded using link preload but not used within a few seconds from the window's load event. Please make sure it has an appropriate `as` value and it is preloaded intentionally. @ https://in.pinterest.com/:0
[  257649ms] [WARNING] The resource https://i.pinimg.com/236x/18/90/ef/1890ef535df238114ff4d76624eb4360.jpg was preloaded using link preload but not used within a few seconds from the window's load event. Please make sure it has an appropriate `as` value and it is preloaded intentionally. @ https://in.pinterest.com/:0
[  257649ms] [WARNING] The resource https://i.pinimg.com/236x/63/5a/aa/635aaa6a21ee393aa410ab435efd4364.jpg was preloaded using link preload but not used within a few seconds from the window's load event. Please make sure it has an appropriate `as` value and it is preloaded intentionally. @ https://in.pinterest.com/:0
[  263028ms] [WARNING] The resource https://i.pinimg.com/236x/8b/d5/e5/8bd5e538dfd69b03b027281f2ac2dee2.jpg was preloaded using link preload but not used within a few seconds from the window's load event. Please make sure it has an appropriate `as` value and it is preloaded intentionally. @ https://in.pinterest.com/:0
[  263028ms] [WARNING] The resource https://i.pinimg.com/236x/a8/ec/aa/a8ecaa5ad959cd723c83499697a00ec7.jpg was preloaded using link preload but not used within a few seconds from the window's load event. Please make sure it has an appropriate `as` value and it is preloaded intentionally. @ https://in.pinterest.com/:0
[  263028ms] [WARNING] The resource https://i.pinimg.com/236x/f3/e4/35/f3e435a51bd8034400ae6042c81343bf.jpg was preloaded using link preload but not used within a few seconds from the window's load event. Please make sure it has an appropriate `as` value and it is preloaded intentionally. @ https://in.pinterest.com/:0
[  263028ms] [WARNING] The resource https://i.pinimg.com/236x/5d/27/eb/5d27eb5d6c53a03f8baa556b12680389.jpg was preloaded using link preload but not used within a few seconds from the window's load event. Please make sure it has an appropriate `as` value and it is preloaded intentionally. @ https://in.pinterest.com/:0
[  263028ms] [WARNING] The resource https://i.pinimg.com/236x/9c/7b/82/9c7b82d2eeaf8127a2b870c6e0b404b7.jpg was preloaded using link preload but not used within a few seconds from the window's load event. Please make sure it has an appropriate `as` value and it is preloaded intentionally. @ https://in.pinterest.com/:0
[  263028ms] [WARNING] The resource https://i.pinimg.com/236x/68/81/2c/68812c072c93fddc4cc6976724521846.jpg was preloaded using link preload but not used within a few seconds from the window's load event. Please make sure it has an appropriate `as` value and it is preloaded intentionally. @ https://in.pinterest.com/:0
[  263028ms] [WARNING] The resource https://i.pinimg.com/236x/ab/78/e4/ab78e428300633ae0be35bb5b0dc5a52.jpg was preloaded using link preload but not used within a few seconds from the window's load event. Please make sure it has an appropriate `as` value and it is preloaded intentionally. @ https://in.pinterest.com/:0
[  263028ms] [WARNING] The resource https://i.pinimg.com/236x/f8/7d/e0/f87de07a1c4eaa814e6d18ea2ee82c0b.jpg was preloaded using link preload but not used within a few seconds from the window's load event. Please make sure it has an appropriate `as` value and it is preloaded intentionally. @ https://in.pinterest.com/:0
[  263028ms] [WARNING] The resource https://i.pinimg.com/236x/93/3d/8a/933d8a425627530ebf480d9ed529bcf8.jpg was preloaded using link preload but not used within a few seconds from the window's load event. Please make sure it has an appropriate `as` value and it is preloaded intentionally. @ https://in.pinterest.com/:0
[  263028ms] [WARNING] The resource https://i.pinimg.com/236x/09/2f/fd/092ffde278024701330c4815e085e926.jpg was preloaded using link preload but not used within a few seconds from the window's load event. Please make sure it has an appropriate `as` value and it is preloaded intentionally. @ https://in.pinterest.com/:0
[  263028ms] [WARNING] The resource https://i.pinimg.com/236x/b5/18/41/b5184171fd55fc19e78ef17459bdd908.jpg was preloaded using link preload but not used within a few seconds from the window's load event. Please make sure it has an appropriate `as` value and it is preloaded intentionally. @ https://in.pinterest.com/:0
[  263028ms] [WARNING] The resource https://i.pinimg.com/236x/bd/0b/8d/bd0b8d73fb10a46e797d0bbf7f0eb104.jpg was preloaded using link preload but not used within a few seconds from the window's load event. Please make sure it has an appropriate `as` value and it is preloaded intentionally. @ https://in.pinterest.com/:0
[  263028ms] [WARNING] The resource https://i.pinimg.com/236x/0f/bc/89/0fbc89d12e4d407256a3620a494d8d6c.jpg was preloaded using link preload but not used within a few seconds from the window's load event. Please make sure it has an appropriate `as` value and it is preloaded intentionally. @ https://in.pinterest.com/:0
[  263028ms] [WARNING] The resource https://i.pinimg.com/236x/33/46/20/3346209e3258ddce3ad5ebc20ddea587.jpg was preloaded using link preload but not used within a few seconds from the window's load event. Please make sure it has an appropriate `as` value and it is preloaded intentionally. @ https://in.pinterest.com/:0
[  263028ms] [WARNING] The resource https://i.pinimg.com/236x/34/12/ca/3412cac9cc261a33a26fd22e9a7849c7.jpg was preloaded using link preload but not used within a few seconds from the window's load event. Please make sure it has an appropriate `as` value and it is preloaded intentionally. @ https://in.pinterest.com/:0
[  263028ms] [WARNING] The resource https://i.pinimg.com/236x/bf/be/f3/bfbef3118e91a3b9696b33c499473722.jpg was preloaded using link preload but not used within a few seconds from the window's load event. Please make sure it has an appropriate `as` value and it is preloaded intentionally. @ https://in.pinterest.com/:0
[  263028ms] [WARNING] The resource https://i.pinimg.com/236x/d6/f4/12/d6f412af13b273cb06992e0d0f9acb06.jpg was preloaded using link preload but not used within a few seconds from the window's load event. Please make sure it has an appropriate `as` value and it is preloaded intentionally. @ https://in.pinterest.com/:0
[  263028ms] [WARNING] The resource https://i.pinimg.com/236x/c5/e1/7b/c5e17ba75077d628597569bd707b1f4f.jpg was preloaded using link preload but not used within a few seconds from the window's load event. Please make sure it has an appropriate `as` value and it is preloaded intentionally. @ https://in.pinterest.com/:0
[  263028ms] [WARNING] The resource https://i.pinimg.com/236x/3b/6d/be/3b6dbebf1ab65a1a4389fe4c22412e43.jpg was preloaded using link preload but not used within a few seconds from the window's load event. Please make sure it has an appropriate `as` value and it is preloaded intentionally. @ https://in.pinterest.com/:0
[  263028ms] [WARNING] The resource https://i.pinimg.com/236x/08/55/3f/08553f7a365f826c137741f8441172c1.jpg was preloaded using link preload but not used within a few seconds from the window's load event. Please make sure it has an appropriate `as` value and it is preloaded intentionally. @ https://in.pinterest.com/:0
[  263028ms] [WARNING] The resource https://i.pinimg.com/236x/5b/07/04/5b07047e77dbc39f8fb896209166f766.jpg was preloaded using link preload but not used within a few seconds from the window's load event. Please make sure it has an appropriate `as` value and it is preloaded intentionally. @ https://in.pinterest.com/:0
[  263028ms] [WARNING] The resource https://i.pinimg.com/236x/7f/ff/68/7fff6829e61d1924c44d8cb5a0cfbdff.jpg was preloaded using link preload but not used within a few seconds from the window's load event. Please make sure it has an appropriate `as` value and it is preloaded intentionally. @ https://in.pinterest.com/:0
[  263028ms] [WARNING] The resource https://i.pinimg.com/236x/6b/96/f6/6b96f6b640f0ad50a9e167c4f0fb0d14.jpg was preloaded using link preload but not used within a few seconds from the window's load event. Please make sure it has an appropriate `as` value and it is preloaded intentionally. @ https://in.pinterest.com/:0
[  263028ms] [WARNING] The resource https://i.pinimg.com/236x/fc/51/68/fc5168842dd7b4cbf7d546c2cd44cd84.jpg was preloaded using link preload but not used within a few seconds from the window's load event. Please make sure it has an appropriate `as` value and it is preloaded intentionally. @ https://in.pinterest.com/:0
[  263029ms] [WARNING] The resource https://i.pinimg.com/236x/a9/c1/88/a9c1885fa56ce7218e590d316d581a54.jpg was preloaded using link preload but not used within a few seconds from the window's load event. Please make sure it has an appropriate `as` value and it is preloaded intentionally. @ https://in.pinterest.com/:0
[  263029ms] [WARNING] The resource https://i.pinimg.com/236x/54/8d/19/548d19707904a6732e6404460831ed5a.jpg was preloaded using link preload but not used within a few seconds from the window's load event. Please make sure it has an appropriate `as` value and it is preloaded intentionally. @ https://in.pinterest.com/:0
[  263029ms] [WARNING] The resource https://i.pinimg.com/236x/18/90/ef/1890ef535df238114ff4d76624eb4360.jpg was preloaded using link preload but not used within a few seconds from the window's load event. Please make sure it has an appropriate `as` value and it is preloaded intentionally. @ https://in.pinterest.com/:0
[  263029ms] [WARNING] The resource https://i.pinimg.com/236x/63/5a/aa/635aaa6a21ee393aa410ab435efd4364.jpg was preloaded using link preload but not used within a few seconds from the window's load event. Please make sure it has an appropriate `as` value and it is preloaded intentionally. @ https://in.pinterest.com/:0
[  414797ms] [WARNING] The resource https://i.pinimg.com/236x/8b/d5/e5/8bd5e538dfd69b03b027281f2ac2dee2.jpg was preloaded using link preload but not used within a few seconds from the window's load event. Please make sure it has an appropriate `as` value and it is preloaded intentionally. @ https://in.pinterest.com/:0
[  414797ms] [WARNING] The resource https://i.pinimg.com/236x/a8/ec/aa/a8ecaa5ad959cd723c83499697a00ec7.jpg was preloaded using link preload but not used within a few seconds from the window's load event. Please make sure it has an appropriate `as` value and it is preloaded intentionally. @ https://in.pinterest.com/:0
[  414797ms] [WARNING] The resource https://i.pinimg.com/236x/f3/e4/35/f3e435a51bd8034400ae6042c81343bf.jpg was preloaded using link preload but not used within a few seconds from the window's load event. Please make sure it has an appropriate `as` value and it is preloaded intentionally. @ https://in.pinterest.com/:0
[  414797ms] [WARNING] The resource https://i.pinimg.com/236x/5d/27/eb/5d27eb5d6c53a03f8baa556b12680389.jpg was preloaded using link preload but not used within a few seconds from the window's load event. Please make sure it has an appropriate `as` value and it is preloaded intentionally. @ https://in.pinterest.com/:0
[  414797ms] [WARNING] The resource https://i.pinimg.com/236x/9c/7b/82/9c7b82d2eeaf8127a2b870c6e0b404b7.jpg was preloaded using link preload but not used within a few seconds from the window's load event. Please make sure it has an appropriate `as` value and it is preloaded intentionally. @ https://in.pinterest.com/:0
[  414797ms] [WARNING] The resource https://i.pinimg.com/236x/68/81/2c/68812c072c93fddc4cc6976724521846.jpg was preloaded using link preload but not used within a few seconds from the window's load event. Please make sure it has an appropriate `as` value and it is preloaded intentionally. @ https://in.pinterest.com/:0
[  414797ms] [WARNING] The resource https://i.pinimg.com/236x/ab/78/e4/ab78e428300633ae0be35bb5b0dc5a52.jpg was preloaded using link preload but not used within a few seconds from the window's load event. Please make sure it has an appropriate `as` value and it is preloaded intentionally. @ https://in.pinterest.com/:0
[  414797ms] [WARNING] The resource https://i.pinimg.com/236x/f8/7d/e0/f87de07a1c4eaa814e6d18ea2ee82c0b.jpg was preloaded using link preload but not used within a few seconds from the window's load event. Please make sure it has an appropriate `as` value and it is preloaded intentionally. @ https://in.pinterest.com/:0
[  414797ms] [WARNING] The resource https://i.pinimg.com/236x/93/3d/8a/933d8a425627530ebf480d9ed529bcf8.jpg was preloaded using link preload but not used within a few seconds from the window's load event. Please make sure it has an appropriate `as` value and it is preloaded intentionally. @ https://in.pinterest.com/:0
[  414797ms] [WARNING] The resource https://i.pinimg.com/236x/09/2f/fd/092ffde278024701330c4815e085e926.jpg was preloaded using link preload but not used within a few seconds from the window's load event. Please make sure it has an appropriate `as` value and it is preloaded intentionally. @ https://in.pinterest.com/:0
[  414797ms] [WARNING] The resource https://i.pinimg.com/236x/b5/18/41/b5184171fd55fc19e78ef17459bdd908.jpg was preloaded using link preload but not used within a few seconds from the window's load event. Please make sure it has an appropriate `as` value and it is preloaded intentionally. @ https://in.pinterest.com/:0
[  414797ms] [WARNING] The resource https://i.pinimg.com/236x/bd/0b/8d/bd0b8d73fb10a46e797d0bbf7f0eb104.jpg was preloaded using link preload but not used within a few seconds from the window's load event. Please make sure it has an appropriate `as` value and it is preloaded intentionally. @ https://in.pinterest.com/:0
[  414797ms] [WARNING] The resource https://i.pinimg.com/236x/0f/bc/89/0fbc89d12e4d407256a3620a494d8d6c.jpg was preloaded using link preload but not used within a few seconds from the window's load event. Please make sure it has an appropriate `as` value and it is preloaded intentionally. @ https://in.pinterest.com/:0
[  414797ms] [WARNING] The resource https://i.pinimg.com/236x/33/46/20/3346209e3258ddce3ad5ebc20ddea587.jpg was preloaded using link preload but not used within a few seconds from the window's load event. Please make sure it has an appropriate `as` value and it is preloaded intentionally. @ https://in.pinterest.com/:0
[  414797ms] [WARNING] The resource https://i.pinimg.com/236x/34/12/ca/3412cac9cc261a33a26fd22e9a7849c7.jpg was preloaded using link preload but not used within a few seconds from the window's load event. Please make sure it has an appropriate `as` value and it is preloaded intentionally. @ https://in.pinterest.com/:0
[  414797ms] [WARNING] The resource https://i.pinimg.com/236x/bf/be/f3/bfbef3118e91a3b9696b33c499473722.jpg was preloaded using link preload but not used within a few seconds from the window's load event. Please make sure it has an appropriate `as` value and it is preloaded intentionally. @ https://in.pinterest.com/:0
[  414797ms] [WARNING] The resource https://i.pinimg.com/236x/d6/f4/12/d6f412af13b273cb06992e0d0f9acb06.jpg was preloaded using link preload but not used within a few seconds from the window's load event. Please make sure it has an appropriate `as` value and it is preloaded intentionally. @ https://in.pinterest.com/:0
[  414797ms] [WARNING] The resource https://i.pinimg.com/236x/c5/e1/7b/c5e17ba75077d628597569bd707b1f4f.jpg was preloaded using link preload but not used within a few seconds from the window's load event. Please make sure it has an appropriate `as` value and it is preloaded intentionally. @ https://in.pinterest.com/:0
[  414797ms] [WARNING] The resource https://i.pinimg.com/236x/3b/6d/be/3b6dbebf1ab65a1a4389fe4c22412e43.jpg was preloaded using link preload but not used within a few seconds from the window's load event. Please make sure it has an appropriate `as` value and it is preloaded intentionally. @ https://in.pinterest.com/:0
[  414797ms] [WARNING] The resource https://i.pinimg.com/236x/08/55/3f/08553f7a365f826c137741f8441172c1.jpg was preloaded using link preload but not used within a few seconds from the window's load event. Please make sure it has an appropriate `as` value and it is preloaded intentionally. @ https://in.pinterest.com/:0
[  414797ms] [WARNING] The resource https://i.pinimg.com/236x/5b/07/04/5b07047e77dbc39f8fb896209166f766.jpg was preloaded using link preload but not used within a few seconds from the window's load event. Please make sure it has an appropriate `as` value and it is preloaded intentionally. @ https://in.pinterest.com/:0
[  414797ms] [WARNING] The resource https://i.pinimg.com/236x/7f/ff/68/7fff6829e61d1924c44d8cb5a0cfbdff.jpg was preloaded using link preload but not used within a few seconds from the window's load event. Please make sure it has an appropriate `as` value and it is preloaded intentionally. @ https://in.pinterest.com/:0
[  414797ms] [WARNING] The resource https://i.pinimg.com/236x/6b/96/f6/6b96f6b640f0ad50a9e167c4f0fb0d14.jpg was preloaded using link preload but not used within a few seconds from the window's load event. Please make sure it has an appropriate `as` value and it is preloaded intentionally. @ https://in.pinterest.com/:0
[  414797ms] [WARNING] The resource https://i.pinimg.com/236x/fc/51/68/fc5168842dd7b4cbf7d546c2cd44cd84.jpg was preloaded using link preload but not used within a few seconds from the window's load event. Please make sure it has an appropriate `as` value and it is preloaded intentionally. @ https://in.pinterest.com/:0
[  414797ms] [WARNING] The resource https://i.pinimg.com/236x/a9/c1/88/a9c1885fa56ce7218e590d316d581a54.jpg was preloaded using link preload but not used within a few seconds from the window's load event. Please make sure it has an appropriate `as` value and it is preloaded intentionally. @ https://in.pinterest.com/:0
[  414797ms] [WARNING] The resource https://i.pinimg.com/236x/54/8d/19/548d19707904a6732e6404460831ed5a.jpg was preloaded using link preload but not used within a few seconds from the window's load event. Please make sure it has an appropriate `as` value and it is preloaded intentionally. @ https://in.pinterest.com/:0
[  414797ms] [WARNING] The resource https://i.pinimg.com/236x/18/90/ef/1890ef535df238114ff4d76624eb4360.jpg was preloaded using link preload but not used within a few seconds from the window's load event. Please make sure it has an appropriate `as` value and it is preloaded intentionally. @ https://in.pinterest.com/:0
[  414797ms] [WARNING] The resource https://i.pinimg.com/236x/63/5a/aa/635aaa6a21ee393aa410ab435efd4364.jpg was preloaded using link preload but not used within a few seconds from the window's load event. Please make sure it has an appropriate `as` value and it is preloaded intentionally. @ https://in.pinterest.com/:0
[  419613ms] [WARNING] The resource https://i.pinimg.com/236x/8b/d5/e5/8bd5e538dfd69b03b027281f2ac2dee2.jpg was preloaded using link preload but not used within a few seconds from the window's load event. Please make sure it has an appropriate `as` value and it is preloaded intentionally. @ https://in.pinterest.com/:0
[  419613ms] [WARNING] The resource https://i.pinimg.com/236x/a8/ec/aa/a8ecaa5ad959cd723c83499697a00ec7.jpg was preloaded using link preload but not used within a few seconds from the window's load event. Please make sure it has an appropriate `as` value and it is preloaded intentionally. @ https://in.pinterest.com/:0
[  419613ms] [WARNING] The resource https://i.pinimg.com/236x/f3/e4/35/f3e435a51bd8034400ae6042c81343bf.jpg was preloaded using link preload but not used within a few seconds from the window's load event. Please make sure it has an appropriate `as` value and it is preloaded intentionally. @ https://in.pinterest.com/:0
[  419613ms] [WARNING] The resource https://i.pinimg.com/236x/5d/27/eb/5d27eb5d6c53a03f8baa556b12680389.jpg was preloaded using link preload but not used within a few seconds from the window's load event. Please make sure it has an appropriate `as` value and it is preloaded intentionally. @ https://in.pinterest.com/:0
[  419613ms] [WARNING] The resource https://i.pinimg.com/236x/9c/7b/82/9c7b82d2eeaf8127a2b870c6e0b404b7.jpg was preloaded using link preload but not used within a few seconds from the window's load event. Please make sure it has an appropriate `as` value and it is preloaded intentionally. @ https://in.pinterest.com/:0
[  419613ms] [WARNING] The resource https://i.pinimg.com/236x/68/81/2c/68812c072c93fddc4cc6976724521846.jpg was preloaded using link preload but not used within a few seconds from the window's load event. Please make sure it has an appropriate `as` value and it is preloaded intentionally. @ https://in.pinterest.com/:0
[  419613ms] [WARNING] The resource https://i.pinimg.com/236x/ab/78/e4/ab78e428300633ae0be35bb5b0dc5a52.jpg was preloaded using link preload but not used within a few seconds from the window's load event. Please make sure it has an appropriate `as` value and it is preloaded intentionally. @ https://in.pinterest.com/:0
[  419613ms] [WARNING] The resource https://i.pinimg.com/236x/f8/7d/e0/f87de07a1c4eaa814e6d18ea2ee82c0b.jpg was preloaded using link preload but not used within a few seconds from the window's load event. Please make sure it has an appropriate `as` value and it is preloaded intentionally. @ https://in.pinterest.com/:0
[  419613ms] [WARNING] The resource https://i.pinimg.com/236x/93/3d/8a/933d8a425627530ebf480d9ed529bcf8.jpg was preloaded using link preload but not used within a few seconds from the window's load event. Please make sure it has an appropriate `as` value and it is preloaded intentionally. @ https://in.pinterest.com/:0
[  419613ms] [WARNING] The resource https://i.pinimg.com/236x/09/2f/fd/092ffde278024701330c4815e085e926.jpg was preloaded using link preload but not used within a few seconds from the window's load event. Please make sure it has an appropriate `as` value and it is preloaded intentionally. @ https://in.pinterest.com/:0
[  419613ms] [WARNING] The resource https://i.pinimg.com/236x/b5/18/41/b5184171fd55fc19e78ef17459bdd908.jpg was preloaded using link preload but not used within a few seconds from the window's load event. Please make sure it has an appropriate `as` value and it is preloaded intentionally. @ https://in.pinterest.com/:0
[  419613ms] [WARNING] The resource https://i.pinimg.com/236x/bd/0b/8d/bd0b8d73fb10a46e797d0bbf7f0eb104.jpg was preloaded using link preload but not used within a few seconds from the window's load event. Please make sure it has an appropriate `as` value and it is preloaded intentionally. @ https://in.pinterest.com/:0
[  419613ms] [WARNING] The resource https://i.pinimg.com/236x/0f/bc/89/0fbc89d12e4d407256a3620a494d8d6c.jpg was preloaded using link preload but not used within a few seconds from the window's load event. Please make sure it has an appropriate `as` value and it is preloaded intentionally. @ https://in.pinterest.com/:0
[  419613ms] [WARNING] The resource https://i.pinimg.com/236x/33/46/20/3346209e3258ddce3ad5ebc20ddea587.jpg was preloaded using link preload but not used within a few seconds from the window's load event. Please make sure it has an appropriate `as` value and it is preloaded intentionally. @ https://in.pinterest.com/:0
[  419613ms] [WARNING] The resource https://i.pinimg.com/236x/34/12/ca/3412cac9cc261a33a26fd22e9a7849c7.jpg was preloaded using link preload but not used within a few seconds from the window's load event. Please make sure it has an appropriate `as` value and it is preloaded intentionally. @ https://in.pinterest.com/:0
[  419613ms] [WARNING] The resource https://i.pinimg.com/236x/bf/be/f3/bfbef3118e91a3b9696b33c499473722.jpg was preloaded using link preload but not used within a few seconds from the window's load event. Please make sure it has an appropriate `as` value and it is preloaded intentionally. @ https://in.pinterest.com/:0
[  419613ms] [WARNING] The resource https://i.pinimg.com/236x/d6/f4/12/d6f412af13b273cb06992e0d0f9acb06.jpg was preloaded using link preload but not used within a few seconds from the window's load event. Please make sure it has an appropriate `as` value and it is preloaded intentionally. @ https://in.pinterest.com/:0
[  419613ms] [WARNING] The resource https://i.pinimg.com/236x/c5/e1/7b/c5e17ba75077d628597569bd707b1f4f.jpg was preloaded using link preload but not used within a few seconds from the window's load event. Please make sure it has an appropriate `as` value and it is preloaded intentionally. @ https://in.pinterest.com/:0
[  419613ms] [WARNING] The resource https://i.pinimg.com/236x/3b/6d/be/3b6dbebf1ab65a1a4389fe4c22412e43.jpg was preloaded using link preload but not used within a few seconds from the window's load event. Please make sure it has an appropriate `as` value and it is preloaded intentionally. @ https://in.pinterest.com/:0
[  419613ms] [WARNING] The resource https://i.pinimg.com/236x/08/55/3f/08553f7a365f826c137741f8441172c1.jpg was preloaded using link preload but not used within a few seconds from the window's load event. Please make sure it has an appropriate `as` value and it is preloaded intentionally. @ https://in.pinterest.com/:0
[  419614ms] [WARNING] The resource https://i.pinimg.com/236x/5b/07/04/5b07047e77dbc39f8fb896209166f766.jpg was preloaded using link preload but not used within a few seconds from the window's load event. Please make sure it has an appropriate `as` value and it is preloaded intentionally. @ https://in.pinterest.com/:0
[  419614ms] [WARNING] The resource https://i.pinimg.com/236x/7f/ff/68/7fff6829e61d1924c44d8cb5a0cfbdff.jpg was preloaded using link preload but not used within a few seconds from the window's load event. Please make sure it has an appropriate `as` value and it is preloaded intentionally. @ https://in.pinterest.com/:0
[  419614ms] [WARNING] The resource https://i.pinimg.com/236x/6b/96/f6/6b96f6b640f0ad50a9e167c4f0fb0d14.jpg was preloaded using link preload but not used within a few seconds from the window's load event. Please make sure it has an appropriate `as` value and it is preloaded intentionally. @ https://in.pinterest.com/:0
[  419614ms] [WARNING] The resource https://i.pinimg.com/236x/fc/51/68/fc5168842dd7b4cbf7d546c2cd44cd84.jpg was preloaded using link preload but not used within a few seconds from the window's load event. Please make sure it has an appropriate `as` value and it is preloaded intentionally. @ https://in.pinterest.com/:0
[  419614ms] [WARNING] The resource https://i.pinimg.com/236x/a9/c1/88/a9c1885fa56ce7218e590d316d581a54.jpg was preloaded using link preload but not used within a few seconds from the window's load event. Please make sure it has an appropriate `as` value and it is preloaded intentionally. @ https://in.pinterest.com/:0
[  419614ms] [WARNING] The resource https://i.pinimg.com/236x/54/8d/19/548d19707904a6732e6404460831ed5a.jpg was preloaded using link preload but not used within a few seconds from the window's load event. Please make sure it has an appropriate `as` value and it is preloaded intentionally. @ https://in.pinterest.com/:0
[  419614ms] [WARNING] The resource https://i.pinimg.com/236x/18/90/ef/1890ef535df238114ff4d76624eb4360.jpg was preloaded using link preload but not used within a few seconds from the window's load event. Please make sure it has an appropriate `as` value and it is preloaded intentionally. @ https://in.pinterest.com/:0
[  419614ms] [WARNING] The resource https://i.pinimg.com/236x/63/5a/aa/635aaa6a21ee393aa410ab435efd4364.jpg was preloaded using link preload but not used within a few seconds from the window's load event. Please make sure it has an appropriate `as` value and it is preloaded intentionally. @ https://in.pinterest.com/:0
[  737049ms] [WARNING] The resource https://i.pinimg.com/236x/8b/d5/e5/8bd5e538dfd69b03b027281f2ac2dee2.jpg was preloaded using link preload but not used within a few seconds from the window's load event. Please make sure it has an appropriate `as` value and it is preloaded intentionally. @ https://in.pinterest.com/:0
[  737049ms] [WARNING] The resource https://i.pinimg.com/236x/a8/ec/aa/a8ecaa5ad959cd723c83499697a00ec7.jpg was preloaded using link preload but not used within a few seconds from the window's load event. Please make sure it has an appropriate `as` value and it is preloaded intentionally. @ https://in.pinterest.com/:0
[  737049ms] [WARNING] The resource https://i.pinimg.com/236x/f3/e4/35/f3e435a51bd8034400ae6042c81343bf.jpg was preloaded using link preload but not used within a few seconds from the window's load event. Please make sure it has an appropriate `as` value and it is preloaded intentionally. @ https://in.pinterest.com/:0
[  737049ms] [WARNING] The resource https://i.pinimg.com/236x/5d/27/eb/5d27eb5d6c53a03f8baa556b12680389.jpg was preloaded using link preload but not used within a few seconds from the window's load event. Please make sure it has an appropriate `as` value and it is preloaded intentionally. @ https://in.pinterest.com/:0
[  737049ms] [WARNING] The resource https://i.pinimg.com/236x/9c/7b/82/9c7b82d2eeaf8127a2b870c6e0b404b7.jpg was preloaded using link preload but not used within a few seconds from the window's load event. Please make sure it has an appropriate `as` value and it is preloaded intentionally. @ https://in.pinterest.com/:0
[  737049ms] [WARNING] The resource https://i.pinimg.com/236x/68/81/2c/68812c072c93fddc4cc6976724521846.jpg was preloaded using link preload but not used within a few seconds from the window's load event. Please make sure it has an appropriate `as` value and it is preloaded intentionally. @ https://in.pinterest.com/:0
[  737049ms] [WARNING] The resource https://i.pinimg.com/236x/ab/78/e4/ab78e428300633ae0be35bb5b0dc5a52.jpg was preloaded using link preload but not used within a few seconds from the window's load event. Please make sure it has an appropriate `as` value and it is preloaded intentionally. @ https://in.pinterest.com/:0
[  737049ms] [WARNING] The resource https://i.pinimg.com/236x/f8/7d/e0/f87de07a1c4eaa814e6d18ea2ee82c0b.jpg was preloaded using link preload but not used within a few seconds from the window's load event. Please make sure it has an appropriate `as` value and it is preloaded intentionally. @ https://in.pinterest.com/:0
[  737049ms] [WARNING] The resource https://i.pinimg.com/236x/93/3d/8a/933d8a425627530ebf480d9ed529bcf8.jpg was preloaded using link preload but not used within a few seconds from the window's load event. Please make sure it has an appropriate `as` value and it is preloaded intentionally. @ https://in.pinterest.com/:0
[  737049ms] [WARNING] The resource https://i.pinimg.com/236x/09/2f/fd/092ffde278024701330c4815e085e926.jpg was preloaded using link preload but not used within a few seconds from the window's load event. Please make sure it has an appropriate `as` value and it is preloaded intentionally. @ https://in.pinterest.com/:0
[  737049ms] [WARNING] The resource https://i.pinimg.com/236x/b5/18/41/b5184171fd55fc19e78ef17459bdd908.jpg was preloaded using link preload but not used within a few seconds from the window's load event. Please make sure it has an appropriate `as` value and it is preloaded intentionally. @ https://in.pinterest.com/:0
[  737049ms] [WARNING] The resource https://i.pinimg.com/236x/bd/0b/8d/bd0b8d73fb10a46e797d0bbf7f0eb104.jpg was preloaded using link preload but not used within a few seconds from the window's load event. Please make sure it has an appropriate `as` value and it is preloaded intentionally. @ https://in.pinterest.com/:0
[  737049ms] [WARNING] The resource https://i.pinimg.com/236x/0f/bc/89/0fbc89d12e4d407256a3620a494d8d6c.jpg was preloaded using link preload but not used within a few seconds from the window's load event. Please make sure it has an appropriate `as` value and it is preloaded intentionally. @ https://in.pinterest.com/:0
[  737049ms] [WARNING] The resource https://i.pinimg.com/236x/33/46/20/3346209e3258ddce3ad5ebc20ddea587.jpg was preloaded using link preload but not used within a few seconds from the window's load event. Please make sure it has an appropriate `as` value and it is preloaded intentionally. @ https://in.pinterest.com/:0
[  737049ms] [WARNING] The resource https://i.pinimg.com/236x/34/12/ca/3412cac9cc261a33a26fd22e9a7849c7.jpg was preloaded using link preload but not used within a few seconds from the window's load event. Please make sure it has an appropriate `as` value and it is preloaded intentionally. @ https://in.pinterest.com/:0
[  737049ms] [WARNING] The resource https://i.pinimg.com/236x/bf/be/f3/bfbef3118e91a3b9696b33c499473722.jpg was preloaded using link preload but not used within a few seconds from the window's load event. Please make sure it has an appropriate `as` value and it is preloaded intentionally. @ https://in.pinterest.com/:0
[  737049ms] [WARNING] The resource https://i.pinimg.com/236x/d6/f4/12/d6f412af13b273cb06992e0d0f9acb06.jpg was preloaded using link preload but not used within a few seconds from the window's load event. Please make sure it has an appropriate `as` value and it is preloaded intentionally. @ https://in.pinterest.com/:0
[  737049ms] [WARNING] The resource https://i.pinimg.com/236x/c5/e1/7b/c5e17ba75077d628597569bd707b1f4f.jpg was preloaded using link preload but not used within a few seconds from the window's load event. Please make sure it has an appropriate `as` value and it is preloaded intentionally. @ https://in.pinterest.com/:0
[  737049ms] [WARNING] The resource https://i.pinimg.com/236x/3b/6d/be/3b6dbebf1ab65a1a4389fe4c22412e43.jpg was preloaded using link preload but not used within a few seconds from the window's load event. Please make sure it has an appropriate `as` value and it is preloaded intentionally. @ https://in.pinterest.com/:0
[  737049ms] [WARNING] The resource https://i.pinimg.com/236x/08/55/3f/08553f7a365f826c137741f8441172c1.jpg was preloaded using link preload but not used within a few seconds from the window's load event. Please make sure it has an appropriate `as` value and it is preloaded intentionally. @ https://in.pinterest.com/:0
[  737049ms] [WARNING] The resource https://i.pinimg.com/236x/5b/07/04/5b07047e77dbc39f8fb896209166f766.jpg was preloaded using link preload but not used within a few seconds from the window's load event. Please make sure it has an appropriate `as` value and it is preloaded intentionally. @ https://in.pinterest.com/:0
[  737049ms] [WARNING] The resource https://i.pinimg.com/236x/7f/ff/68/7fff6829e61d1924c44d8cb5a0cfbdff.jpg was preloaded using link preload but not used within a few seconds from the window's load event. Please make sure it has an appropriate `as` value and it is preloaded intentionally. @ https://in.pinterest.com/:0
[  737049ms] [WARNING] The resource https://i.pinimg.com/236x/6b/96/f6/6b96f6b640f0ad50a9e167c4f0fb0d14.jpg was preloaded using link preload but not used within a few seconds from the window's load event. Please make sure it has an appropriate `as` value and it is preloaded intentionally. @ https://in.pinterest.com/:0
[  737049ms] [WARNING] The resource https://i.pinimg.com/236x/fc/51/68/fc5168842dd7b4cbf7d546c2cd44cd84.jpg was preloaded using link preload but not used within a few seconds from the window's load event. Please make sure it has an appropriate `as` value and it is preloaded intentionally. @ https://in.pinterest.com/:0
[  737049ms] [WARNING] The resource https://i.pinimg.com/236x/a9/c1/88/a9c1885fa56ce7218e590d316d581a54.jpg was preloaded using link preload but not used within a few seconds from the window's load event. Please make sure it has an appropriate `as` value and it is preloaded intentionally. @ https://in.pinterest.com/:0
[  737049ms] [WARNING] The resource https://i.pinimg.com/236x/54/8d/19/548d19707904a6732e6404460831ed5a.jpg was preloaded using link preload but not used within a few seconds from the window's load event. Please make sure it has an appropriate `as` value and it is preloaded intentionally. @ https://in.pinterest.com/:0
[  737049ms] [WARNING] The resource https://i.pinimg.com/236x/18/90/ef/1890ef535df238114ff4d76624eb4360.jpg was preloaded using link preload but not used within a few seconds from the window's load event. Please make sure it has an appropriate `as` value and it is preloaded intentionally. @ https://in.pinterest.com/:0
[  737049ms] [WARNING] The resource https://i.pinimg.com/236x/63/5a/aa/635aaa6a21ee393aa410ab435efd4364.jpg was preloaded using link preload but not used within a few seconds from the window's load event. Please make sure it has an appropriate `as` value and it is preloaded intentionally. @ https://in.pinterest.com/:0
[  741652ms] [WARNING] The resource https://i.pinimg.com/236x/8b/d5/e5/8bd5e538dfd69b03b027281f2ac2dee2.jpg was preloaded using link preload but not used within a few seconds from the window's load event. Please make sure it has an appropriate `as` value and it is preloaded intentionally. @ https://in.pinterest.com/:0
[  741652ms] [WARNING] The resource https://i.pinimg.com/236x/a8/ec/aa/a8ecaa5ad959cd723c83499697a00ec7.jpg was preloaded using link preload but not used within a few seconds from the window's load event. Please make sure it has an appropriate `as` value and it is preloaded intentionally. @ https://in.pinterest.com/:0
[  741652ms] [WARNING] The resource https://i.pinimg.com/236x/f3/e4/35/f3e435a51bd8034400ae6042c81343bf.jpg was preloaded using link preload but not used within a few seconds from the window's load event. Please make sure it has an appropriate `as` value and it is preloaded intentionally. @ https://in.pinterest.com/:0
[  741652ms] [WARNING] The resource https://i.pinimg.com/236x/5d/27/eb/5d27eb5d6c53a03f8baa556b12680389.jpg was preloaded using link preload but not used within a few seconds from the window's load event. Please make sure it has an appropriate `as` value and it is preloaded intentionally. @ https://in.pinterest.com/:0
[  741652ms] [WARNING] The resource https://i.pinimg.com/236x/9c/7b/82/9c7b82d2eeaf8127a2b870c6e0b404b7.jpg was preloaded using link preload but not used within a few seconds from the window's load event. Please make sure it has an appropriate `as` value and it is preloaded intentionally. @ https://in.pinterest.com/:0
[  741652ms] [WARNING] The resource https://i.pinimg.com/236x/68/81/2c/68812c072c93fddc4cc6976724521846.jpg was preloaded using link preload but not used within a few seconds from the window's load event. Please make sure it has an appropriate `as` value and it is preloaded intentionally. @ https://in.pinterest.com/:0
[  741652ms] [WARNING] The resource https://i.pinimg.com/236x/ab/78/e4/ab78e428300633ae0be35bb5b0dc5a52.jpg was preloaded using link preload but not used within a few seconds from the window's load event. Please make sure it has an appropriate `as` value and it is preloaded intentionally. @ https://in.pinterest.com/:0
[  741652ms] [WARNING] The resource https://i.pinimg.com/236x/f8/7d/e0/f87de07a1c4eaa814e6d18ea2ee82c0b.jpg was preloaded using link preload but not used within a few seconds from the window's load event. Please make sure it has an appropriate `as` value and it is preloaded intentionally. @ https://in.pinterest.com/:0
[  741652ms] [WARNING] The resource https://i.pinimg.com/236x/93/3d/8a/933d8a425627530ebf480d9ed529bcf8.jpg was preloaded using link preload but not used within a few seconds from the window's load event. Please make sure it has an appropriate `as` value and it is preloaded intentionally. @ https://in.pinterest.com/:0
[  741652ms] [WARNING] The resource https://i.pinimg.com/236x/09/2f/fd/092ffde278024701330c4815e085e926.jpg was preloaded using link preload but not used within a few seconds from the window's load event. Please make sure it has an appropriate `as` value and it is preloaded intentionally. @ https://in.pinterest.com/:0
[  741652ms] [WARNING] The resource https://i.pinimg.com/236x/b5/18/41/b5184171fd55fc19e78ef17459bdd908.jpg was preloaded using link preload but not used within a few seconds from the window's load event. Please make sure it has an appropriate `as` value and it is preloaded intentionally. @ https://in.pinterest.com/:0
[  741652ms] [WARNING] The resource https://i.pinimg.com/236x/bd/0b/8d/bd0b8d73fb10a46e797d0bbf7f0eb104.jpg was preloaded using link preload but not used within a few seconds from the window's load event. Please make sure it has an appropriate `as` value and it is preloaded intentionally. @ https://in.pinterest.com/:0
[  741652ms] [WARNING] The resource https://i.pinimg.com/236x/0f/bc/89/0fbc89d12e4d407256a3620a494d8d6c.jpg was preloaded using link preload but not used within a few seconds from the window's load event. Please make sure it has an appropriate `as` value and it is preloaded intentionally. @ https://in.pinterest.com/:0
[  741652ms] [WARNING] The resource https://i.pinimg.com/236x/33/46/20/3346209e3258ddce3ad5ebc20ddea587.jpg was preloaded using link preload but not used within a few seconds from the window's load event. Please make sure it has an appropriate `as` value and it is preloaded intentionally. @ https://in.pinterest.com/:0
[  741652ms] [WARNING] The resource https://i.pinimg.com/236x/34/12/ca/3412cac9cc261a33a26fd22e9a7849c7.jpg was preloaded using link preload but not used within a few seconds from the window's load event. Please make sure it has an appropriate `as` value and it is preloaded intentionally. @ https://in.pinterest.com/:0
[  741653ms] [WARNING] The resource https://i.pinimg.com/236x/bf/be/f3/bfbef3118e91a3b9696b33c499473722.jpg was preloaded using link preload but not used within a few seconds from the window's load event. Please make sure it has an appropriate `as` value and it is preloaded intentionally. @ https://in.pinterest.com/:0
[  741653ms] [WARNING] The resource https://i.pinimg.com/236x/d6/f4/12/d6f412af13b273cb06992e0d0f9acb06.jpg was preloaded using link preload but not used within a few seconds from the window's load event. Please make sure it has an appropriate `as` value and it is preloaded intentionally. @ https://in.pinterest.com/:0
[  741653ms] [WARNING] The resource https://i.pinimg.com/236x/c5/e1/7b/c5e17ba75077d628597569bd707b1f4f.jpg was preloaded using link preload but not used within a few seconds from the window's load event. Please make sure it has an appropriate `as` value and it is preloaded intentionally. @ https://in.pinterest.com/:0
[  741653ms] [WARNING] The resource https://i.pinimg.com/236x/3b/6d/be/3b6dbebf1ab65a1a4389fe4c22412e43.jpg was preloaded using link preload but not used within a few seconds from the window's load event. Please make sure it has an appropriate `as` value and it is preloaded intentionally. @ https://in.pinterest.com/:0
[  741653ms] [WARNING] The resource https://i.pinimg.com/236x/08/55/3f/08553f7a365f826c137741f8441172c1.jpg was preloaded using link preload but not used within a few seconds from the window's load event. Please make sure it has an appropriate `as` value and it is preloaded intentionally. @ https://in.pinterest.com/:0
[  741653ms] [WARNING] The resource https://i.pinimg.com/236x/5b/07/04/5b07047e77dbc39f8fb896209166f766.jpg was preloaded using link preload but not used within a few seconds from the window's load event. Please make sure it has an appropriate `as` value and it is preloaded intentionally. @ https://in.pinterest.com/:0
[  741653ms] [WARNING] The resource https://i.pinimg.com/236x/7f/ff/68/7fff6829e61d1924c44d8cb5a0cfbdff.jpg was preloaded using link preload but not used within a few seconds from the window's load event. Please make sure it has an appropriate `as` value and it is preloaded intentionally. @ https://in.pinterest.com/:0
[  741653ms] [WARNING] The resource https://i.pinimg.com/236x/6b/96/f6/6b96f6b640f0ad50a9e167c4f0fb0d14.jpg was preloaded using link preload but not used within a few seconds from the window's load event. Please make sure it has an appropriate `as` value and it is preloaded intentionally. @ https://in.pinterest.com/:0
[  741653ms] [WARNING] The resource https://i.pinimg.com/236x/fc/51/68/fc5168842dd7b4cbf7d546c2cd44cd84.jpg was preloaded using link preload but not used within a few seconds from the window's load event. Please make sure it has an appropriate `as` value and it is preloaded intentionally. @ https://in.pinterest.com/:0
[  741653ms] [WARNING] The resource https://i.pinimg.com/236x/a9/c1/88/a9c1885fa56ce7218e590d316d581a54.jpg was preloaded using link preload but not used within a few seconds from the window's load event. Please make sure it has an appropriate `as` value and it is preloaded intentionally. @ https://in.pinterest.com/:0
[  741653ms] [WARNING] The resource https://i.pinimg.com/236x/54/8d/19/548d19707904a6732e6404460831ed5a.jpg was preloaded using link preload but not used within a few seconds from the window's load event. Please make sure it has an appropriate `as` value and it is preloaded intentionally. @ https://in.pinterest.com/:0
[  741653ms] [WARNING] The resource https://i.pinimg.com/236x/18/90/ef/1890ef535df238114ff4d76624eb4360.jpg was preloaded using link preload but not used within a few seconds from the window's load event. Please make sure it has an appropriate `as` value and it is preloaded intentionally. @ https://in.pinterest.com/:0
[  741653ms] [WARNING] The resource https://i.pinimg.com/236x/63/5a/aa/635aaa6a21ee393aa410ab435efd4364.jpg was preloaded using link preload but not used within a few seconds from the window's load event. Please make sure it has an appropriate `as` value and it is preloaded intentionally. @ https://in.pinterest.com/:0
